name,email,address,region,country,text,numberrange,currency
Caleb Dalton,pellentesque.habitant@google.couk,Ap #900-7765 Orci Road,Limpopo,Australia,"dolor. Fusce mi lorem, vehicula et, rutrum eu, ultrices sit",0,$43.50
Lacota Peterson,vel.lectus@hotmail.edu,318-8382 Fringilla St.,Puntarenas,Italy,imperdiet ornare. In faucibus. Morbi vehicula. Pellentesque tincidunt tempus risus.,5,$57.85
Ezra Stone,lacus@yahoo.ca,6310 Sed Av.,Lubelskie,Netherlands,urna. Nullam lobortis quam a felis ullamcorper viverra. Maecenas iaculis,4,$3.43
Maia Rodriquez,elit.sed.consequat@outlook.edu,Ap #595-6571 Ante St.,North West,South Africa,"Nam ligula elit, pretium et, rutrum non, hendrerit id, ante.",8,$33.27
Lois Gould,velit@protonmail.edu,607-8990 Tempor Street,Centre,Sweden,"ac mattis semper, dui lectus rutrum urna, nec luctus felis",7,$42.50
Ava Cole,quisque@outlook.edu,"P.O. Box 814, 4367 Phasellus Street",Central Kalimantan,Philippines,"massa. Mauris vestibulum, neque sed dictum eleifend, nunc risus varius",9,$90.42
Leonard Wright,pharetra.sed.hendrerit@hotmail.ca,630-2623 Neque. Rd.,Brecknockshire,United Kingdom,"dolor egestas rhoncus. Proin nisl sem, consequat nec, mollis vitae,",6,$1.19
Tanner Bradley,nulla.vulputate.dui@yahoo.ca,588-2432 Sed St.,Balochistan,Costa Rica,orci luctus et ultrices posuere cubilia Curae Donec tincidunt. Donec,2,$26.36
Colt Bird,ligula.aenean@aol.net,979-9945 Sed Ave,Thái Nguyên,Austria,erat neque non quam. Pellentesque habitant morbi tristique senectus et,8,$39.84
Lee Valentine,sit.amet@outlook.couk,4791 Egestas. Road,Carinthia,Colombia,"rhoncus. Nullam velit dui, semper et, lacinia vitae, sodales at,",7,$75.06
Madison Collins,felis.adipiscing@outlook.ca,298-5650 Gravida. Avenue,Lanarkshire,India,ligula. Aenean euismod mauris eu elit. Nulla facilisi. Sed neque.,8,$96.03
Zelda Flowers,sed.facilisis@outlook.net,4633 Sit St.,Aquitaine,Ukraine,non justo. Proin non massa non ante bibendum ullamcorper. Duis,0,$48.14
Katelyn Small,sociosqu.ad@google.com,9714 Dolor St.,National Capital Region,Austria,ornare egestas ligula. Nullam feugiat placerat velit. Quisque varius. Nam,0,$57.56
Russell Talley,mollis.non@hotmail.net,5958 Eget Rd.,Jönköpings län,Chile,dictum. Phasellus in felis. Nulla tempor augue ac ipsum. Phasellus,6,$94.89
Ryan Marshall,aliquam.rutrum@outlook.org,"P.O. Box 566, 5592 Aliquam Avenue",East Region,Canada,"Maecenas libero est, congue a, aliquet vel, vulputate eu, odio.",1,$17.49
Abbot Cote,phasellus@aol.net,6226 Dolor. Street,Metropolitana de Santiago,Norway,"augue eu tellus. Phasellus elit pede, malesuada vel, venenatis vel,",4,$88.18
Chanda Stone,iaculis.quis.pede@outlook.edu,"P.O. Box 205, 9048 Ut, Rd.",Junín,Canada,Integer mollis. Integer tincidunt aliquam arcu. Aliquam ultrices iaculis odio.,8,$19.06
Mallory Ellis,phasellus@hotmail.ca,7495 Lectus Av.,Central Luzon,Philippines,urna. Ut tincidunt vehicula risus. Nulla eget metus eu erat,6,$88.28
Keegan Washington,adipiscing.lacus@protonmail.ca,375-6166 Iaculis Avenue,Novosibirsk Oblast,Peru,sit amet metus. Aliquam erat volutpat. Nulla facilisis. Suspendisse commodo,4,$73.11
Carla Vazquez,nec.urna@yahoo.couk,887-6721 Integer Street,Khyber Pakhtoonkhwa,Poland,"elit, pretium et, rutrum non, hendrerit id, ante. Nunc mauris",10,$48.10
Lee Stout,sagittis@outlook.ca,397-3168 Tristique St.,Cajamarca,Turkey,"cursus a, enim. Suspendisse aliquet, sem ut cursus luctus, ipsum",6,$96.36
Noelani Vance,sed.facilisis@google.net,Ap #399-5384 Suspendisse Rd.,Oost-Vlaanderen,Belgium,pede blandit congue. In scelerisque scelerisque dui. Suspendisse ac metus,1,$63.41
Pandora Battle,lectus.rutrum@outlook.com,1879 Dapibus Av.,Antofagasta,Germany,lorem tristique aliquet. Phasellus fermentum convallis ligula. Donec luctus aliquet,9,$5.46
Hall Mcfarland,tincidunt.donec@protonmail.edu,Ap #754-1323 Egestas Street,Utrecht,Poland,"pretium et, rutrum non, hendrerit id, ante. Nunc mauris sapien,",7,$40.76
Dahlia Roth,hendrerit.id.ante@yahoo.net,"5597 Eu, Ave",Møre og Romsdal,South Korea,"posuere at, velit. Cras lorem lorem, luctus ut, pellentesque eget,",7,$42.25
Hollee Cardenas,mauris.erat.eget@aol.org,"P.O. Box 142, 2026 Nunc St.",La Guajira,Austria,"ante blandit viverra. Donec tempus, lorem fringilla ornare placerat, orci",3,$71.94
Bryar Gentry,montes.nascetur@icloud.net,4281 Ante Rd.,Flevoland,India,velit. Pellentesque ultricies dignissim lacus. Aliquam rutrum lorem ac risus.,4,$49.07
Kenneth Todd,donec.nibh.enim@protonmail.net,6471 Adipiscing. Av.,Zamboanga Peninsula,Norway,Nullam ut nisi a odio semper cursus. Integer mollis. Integer,3,$5.32
Amir Giles,iaculis.odio@aol.couk,"P.O. Box 172, 6909 Primis St.",Innlandet,Brazil,"auctor ullamcorper, nisl arcu iaculis enim, sit amet ornare lectus",6,$73.17
Bruce Frost,commodo.at@aol.com,369-1446 Nonummy Avenue,Araucanía,Spain,magna. Duis dignissim tempor arcu. Vestibulum ut eros non enim,8,$80.35
Bruno Grant,amet@aol.edu,"454 Pellentesque, Avenue",South Island,Netherlands,"lorem eu metus. In lorem. Donec elementum, lorem ut aliquam",5,$49.60
Juliet Snyder,etiam.imperdiet@hotmail.com,154-3523 Primis Rd.,Akwa Ibom,Nigeria,et ultrices posuere cubilia Curae Phasellus ornare. Fusce mollis. Duis,9,$91.49
Porter Webster,neque.sed@hotmail.couk,1715 Eros St.,Toscana,Sweden,molestie dapibus ligula. Aliquam erat volutpat. Nulla dignissim. Maecenas ornare,6,$49.63
Patience Lamb,non@yahoo.ca,"P.O. Box 138, 824 Risus, Street",West Region,Belgium,"lorem eu metus. In lorem. Donec elementum, lorem ut aliquam",6,$92.32
Louis Mercado,vestibulum.ante@icloud.edu,Ap #865-4229 Mi Rd.,West Nusa Tenggara,France,"sem, vitae aliquam eros turpis non enim. Mauris quis turpis",10,$11.93
Benedict Perry,morbi.sit@yahoo.edu,Ap #864-4301 Enim Street,Northern Cape,Netherlands,"Nullam velit dui, semper et, lacinia vitae, sodales at, velit.",0,$11.67
Amela Mcconnell,velit.aliquam@hotmail.com,Ap #252-9104 Quis Ave,South Island,Poland,nec mauris blandit mattis. Cras eget nisi dictum augue malesuada,6,$16.61
Celeste Woodward,nisi.magna@protonmail.com,458-1499 Vel Rd.,Minnesota,Belgium,sed libero. Proin sed turpis nec mauris blandit mattis. Cras,2,$33.92
Zephr Daniel,pede@outlook.com,934-6886 Dignissim Ave,North Jeolla,Ireland,"Fusce dolor quam, elementum at, egestas a, scelerisque sed, sapien.",0,$65.39
Hermione Head,odio.nam@outlook.couk,Ap #973-8018 Habitant St.,Benue,Vietnam,"placerat, orci lacus vestibulum lorem, sit amet ultricies sem magna",2,$81.35
Winter Stone,mauris.ut@yahoo.edu,129-2580 Mollis St.,Kayseri,South Africa,"bibendum. Donec felis orci, adipiscing non, luctus sit amet, faucibus",4,$66.71
Sandra Powers,justo.sit@protonmail.couk,"116-301 Lorem, Av.",Antalya,India,"Nunc ut erat. Sed nunc est, mollis non, cursus non,",5,$55.28
Aristotle Parker,magna.a.neque@yahoo.net,723-7359 Malesuada Av.,Michigan,Spain,"fringilla mi lacinia mattis. Integer eu lacus. Quisque imperdiet, erat",7,$24.20
Cara French,egestas.rhoncus@google.org,"P.O. Box 776, 946 Rhoncus. Av.",Innlandet,Peru,"vel est tempor bibendum. Donec felis orci, adipiscing non, luctus",7,$68.70
Vanna Mitchell,cras.convallis@outlook.edu,129-7408 Turpis St.,Pskov Oblast,Australia,"lacinia mattis. Integer eu lacus. Quisque imperdiet, erat nonummy ultricies",5,$15.36
Sacha Newman,convallis@yahoo.edu,903-3095 Arcu. Rd.,Munster,Ukraine,"consequat, lectus sit amet luctus vulputate, nisi sem semper erat,",3,$57.62
Eve Horton,sem@outlook.net,"P.O. Box 387, 606 Aliquam Avenue",Andhra Pradesh,Indonesia,"Donec tempus, lorem fringilla ornare placerat, orci lacus vestibulum lorem,",6,$18.09
Nero Price,quisque.imperdiet.erat@outlook.net,Ap #679-5106 Diam St.,Bicol Region,United States,"scelerisque, lorem ipsum sodales purus, in molestie tortor nibh sit",1,$99.61
Ryan Mcfarland,imperdiet.erat.nonummy@google.net,9562 Tempor St.,Trentino-Alto Adige,Italy,"placerat. Cras dictum ultricies ligula. Nullam enim. Sed nulla ante,",7,$94.67
Hyacinth Lara,eget@outlook.ca,Ap #566-2956 Adipiscing St.,Leinster,Singapore,mauris a nunc. In at pede. Cras vulputate velit eu,6,$64.18
Lavinia Gilmore,eu.elit@aol.couk,775-7315 Phasellus St.,Illes Balears,Brazil,"Integer vitae nibh. Donec est mauris, rhoncus id, mollis nec,",3,$41.64
Orla Anderson,cursus.a@aol.edu,5334 Fusce Rd.,Renfrewshire,Sweden,dolor vitae dolor. Donec fringilla. Donec feugiat metus sit amet,10,$11.07
Brody Pope,primis.in.faucibus@aol.ca,240-7333 Fermentum Avenue,Thừa Thiên–Huế,Singapore,"laoreet lectus quis massa. Mauris vestibulum, neque sed dictum eleifend,",3,$52.18
Ria Cash,sed.molestie.sed@icloud.org,Ap #119-5008 Vitae Rd.,Quebec,Belgium,"egestas, urna justo faucibus lectus, a sollicitudin orci sem eget",10,$21.31
Finn Harrington,tempus@outlook.couk,Ap #850-7966 Quis Street,Ulster,Netherlands,justo sit amet nulla. Donec non justo. Proin non massa,6,$71.27
Giacomo Lynch,ac.mattis@aol.ca,"4481 Sed, St.",Picardie,Sweden,"gravida mauris ut mi. Duis risus odio, auctor vitae, aliquet",6,$17.05
Pearl Bullock,cursus@yahoo.com,436-8628 Sit Av.,Gyeonggi,Mexico,et libero. Proin mi. Aliquam gravida mauris ut mi. Duis,1,$54.63
Emmanuel Little,porttitor.scelerisque.neque@yahoo.couk,Ap #693-5683 Eleifend. Avenue,Limburg,Singapore,In scelerisque scelerisque dui. Suspendisse ac metus vitae velit egestas,3,$14.24
Carl Lynch,nec.mauris.blandit@outlook.net,7128 Luctus Ave,Yukon,United States,consequat enim diam vel arcu. Curabitur ut odio vel est,1,$61.19
Mercedes Brennan,metus.aliquam@outlook.ca,"P.O. Box 658, 8255 Elit. Ave",Sachsen-Anhalt,Singapore,"cursus non, egestas a, dui. Cras pellentesque. Sed dictum. Proin",2,$49.48
Danielle Foster,ultrices.duis@google.ca,Ap #928-1483 Quam. St.,Idaho,Canada,"luctus aliquet odio. Etiam ligula tortor, dictum eu, placerat eget,",8,$1.06
Olympia Fields,malesuada.fames.ac@google.edu,"Ap #793-1189 Sed, Rd.",Guanacaste,Turkey,adipiscing lacus. Ut nec urna et arcu imperdiet ullamcorper. Duis,10,$48.28
Madeline Evans,sociis.natoque@yahoo.com,Ap #102-8259 Feugiat St.,Arica y Parinacota,China,"ultricies ornare, elit elit fermentum risus, at fringilla purus mauris",10,$57.75
Ramona Figueroa,arcu.curabitur@protonmail.edu,"P.O. Box 698, 2536 Porttitor Rd.",Møre og Romsdal,Pakistan,"sagittis augue, eu tempor erat neque non quam. Pellentesque habitant",2,$92.05
Hu Herrera,urna.convallis@google.org,Ap #657-8217 Duis Avenue,Sindh,Netherlands,"sed orci lobortis augue scelerisque mollis. Phasellus libero mauris, aliquam",9,$26.98
Chandler Bowers,nulla.facilisis.suspendisse@aol.edu,"P.O. Box 237, 8087 Sodales St.",Umbria,Vietnam,"laoreet lectus quis massa. Mauris vestibulum, neque sed dictum eleifend,",8,$23.27
Naomi Moreno,lobortis@hotmail.org,Ap #762-5870 Ultrices. Road,North Sulawesi,Ireland,amet metus. Aliquam erat volutpat. Nulla facilisis. Suspendisse commodo tincidunt,3,$46.06
Moana Rodgers,consequat.lectus@google.edu,"P.O. Box 419, 9518 A St.",Lipetsk Oblast,Germany,amet nulla. Donec non justo. Proin non massa non ante,6,$38.43
Devin Noel,in.molestie@outlook.net,Ap #310-1808 Sollicitudin Rd.,Lubuskie,Italy,sagittis. Nullam vitae diam. Proin dolor. Nulla semper tellus id,9,$16.42
David Dominguez,urna.et@hotmail.ca,"P.O. Box 740, 5596 Nam Road",Pernambuco,Philippines,"sollicitudin commodo ipsum. Suspendisse non leo. Vivamus nibh dolor, nonummy",9,$17.56
Ina Mckenzie,adipiscing.ligula@icloud.org,Ap #836-5049 Sagittis. St.,East Region,Nigeria,libero. Proin mi. Aliquam gravida mauris ut mi. Duis risus,1,$7.41
Tarik Walter,commodo.tincidunt.nibh@outlook.ca,780-5059 Mauris Road,Leningrad Oblast,Sweden,"rutrum non, hendrerit id, ante. Nunc mauris sapien, cursus in,",10,$79.13
Jaden Lancaster,non.quam@outlook.com,Ap #983-1188 Amet Rd.,Rio Grande do Sul,United States,"facilisis eget, ipsum. Donec sollicitudin adipiscing ligula. Aenean gravida nunc",4,$93.89
Kenneth Kidd,sed.turpis@outlook.edu,Ap #232-4327 Duis Street,Alabama,Pakistan,ultrices. Duis volutpat nunc sit amet metus. Aliquam erat volutpat.,4,$76.26
Ishmael Frazier,senectus.et@hotmail.net,Ap #434-3057 Turpis St.,Waals-Brabant,Ukraine,"euismod et, commodo at, libero. Morbi accumsan laoreet ipsum. Curabitur",9,$15.42
Marshall Hendricks,velit@aol.couk,7273 Venenatis Av.,Oost-Vlaanderen,Brazil,"nulla vulputate dui, nec tempus mauris erat eget ipsum. Suspendisse",0,$50.28
Salvador Solomon,sit.amet@google.org,Ap #290-5505 Eleifend Street,Basilicata,South Africa,interdum feugiat. Sed nec metus facilisis lorem tristique aliquet. Phasellus,4,$39.73
Wing Lloyd,malesuada.id@protonmail.ca,Ap #843-5949 Auctor Ave,Huádōng,Canada,"Donec tempor, est ac mattis semper, dui lectus rutrum urna,",2,$37.02
Cheryl Levy,nascetur@hotmail.net,Ap #883-6243 Et St.,Waals-Brabant,South Africa,"velit justo nec ante. Maecenas mi felis, adipiscing fringilla, porttitor",2,$14.37
Xander Tillman,ac@outlook.net,Ap #788-8193 Facilisis Street,Huáběi,Vietnam,"orci, adipiscing non, luctus sit amet, faucibus ut, nulla. Cras",5,$33.98
Shellie Thompson,congue.a@icloud.edu,2770 Aliquam Av.,Queensland,China,"Sed pharetra, felis eget varius ultrices, mauris ipsum porta elit,",7,$62.42
Sandra Huff,non.enim.mauris@aol.edu,"P.O. Box 675, 5757 Penatibus St.",East Region,United States,"magna tellus faucibus leo, in lobortis tellus justo sit amet",3,$41.71
Leilani Mcdaniel,neque@google.com,5773 Nec Ave,Nordrhein-Westphalen,Australia,"lectus sit amet luctus vulputate, nisi sem semper erat, in",7,$12.76
Adrian Morrison,molestie.arcu.sed@hotmail.ca,"294-9670 Id, St.",Alajuela,Norway,"sit amet, consectetuer adipiscing elit. Curabitur sed tortor. Integer aliquam",2,$83.10
Teagan Ochoa,porta.elit@yahoo.net,"P.O. Box 962, 3111 Vestibulum Rd.",Southeast Sulawesi,Netherlands,"malesuada id, erat. Etiam vestibulum massa rutrum magna. Cras convallis",3,$67.77
Reuben Sherman,vehicula@protonmail.couk,"P.O. Box 129, 5240 Tortor. Road",Kirovohrad oblast,Ukraine,magna a tortor. Nunc commodo auctor velit. Aliquam nisl. Nulla,0,$26.30
Fletcher Byers,accumsan@protonmail.couk,Ap #623-6179 Eu Road,South Jeolla,Austria,"molestie orci tincidunt adipiscing. Mauris molestie pharetra nibh. Aliquam ornare,",5,$20.44
Sawyer Mcfarland,eget.metus@aol.couk,630-1545 Consequat St.,Vestfold og Telemark,Austria,"Donec porttitor tellus non magna. Nam ligula elit, pretium et,",3,$51.07
Carson Mcdowell,luctus@icloud.com,"P.O. Box 691, 3390 Felis. Ave",British Columbia,Mexico,vel quam dignissim pharetra. Nam ac nulla. In tincidunt congue,1,$73.91
Bertha Meadows,donec.dignissim.magna@hotmail.net,Ap #195-9575 Ante. Street,Tarapacá,New Zealand,"imperdiet, erat nonummy ultricies ornare, elit elit fermentum risus, at",6,$20.96
Carson Jennings,ac.urna.ut@aol.org,Ap #319-3343 Donec Rd.,New South Wales,Russian Federation,ipsum. Donec sollicitudin adipiscing ligula. Aenean gravida nunc sed pede.,8,$74.30
Emerson Tate,curabitur.consequat.lectus@aol.net,Ap #117-3519 Taciti St.,Himachal Pradesh,Pakistan,"risus, at fringilla purus mauris a nunc. In at pede.",7,$65.57
Damian Walton,malesuada.integer@hotmail.ca,213-9940 Erat Av.,Kayseri,Russian Federation,"Fusce feugiat. Lorem ipsum dolor sit amet, consectetuer adipiscing elit.",3,$38.38
Anne Reynolds,accumsan.convallis.ante@hotmail.com,Ap #837-9080 Diam. Ave,Andhra Pradesh,Austria,"est. Nunc laoreet lectus quis massa. Mauris vestibulum, neque sed",7,$44.98
Karly Hopper,penatibus.et@protonmail.net,"4161 Enim, Rd.",Kirkcudbrightshire,Canada,interdum. Nunc sollicitudin commodo ipsum. Suspendisse non leo. Vivamus nibh,2,$67.28
Deborah Pollard,imperdiet.dictum@icloud.ca,760-9897 Feugiat. Av.,Aquitaine,Vietnam,erat volutpat. Nulla facilisis. Suspendisse commodo tincidunt nibh. Phasellus nulla.,8,$0.01
Kathleen Holder,sed.leo.cras@google.net,819-5472 Pede Av.,Maranhão,South Korea,"mi. Duis risus odio, auctor vitae, aliquet nec, imperdiet nec,",3,$76.62
Lev Ratliff,mollis.vitae@protonmail.com,"P.O. Box 899, 9082 Cras Street",Alajuela,Philippines,in molestie tortor nibh sit amet orci. Ut sagittis lobortis,5,$39.79
Timothy Macias,non@yahoo.couk,"5657 Magna, Ave",Dōngběi,Spain,"metus. In lorem. Donec elementum, lorem ut aliquam iaculis, lacus",5,$96.16
Jack Randolph,nec.diam.duis@aol.net,Ap #821-9265 Ante St.,Jönköpings län,Costa Rica,erat vitae risus. Duis a mi fringilla mi lacinia mattis.,1,$17.00
Charissa Mcbride,sollicitudin@outlook.com,"Ap #509-6204 Montes, Rd.",Newfoundland and Labrador,Spain,"scelerisque, lorem ipsum sodales purus, in molestie tortor nibh sit",3,$73.84
Sonya Jennings,non.leo@google.org,"347-9693 Et, Rd.",San José,Mexico,"commodo hendrerit. Donec porttitor tellus non magna. Nam ligula elit,",8,$92.73
Cassidy Patterson,interdum.sed@google.ca,9253 Tortor Rd.,South Chungcheong,Austria,urna et arcu imperdiet ullamcorper. Duis at lacus. Quisque purus,1,$39.39
Nicholas William,mi@icloud.ca,765-1522 Est Rd.,Xīnán,South Korea,et ultrices posuere cubilia Curae Donec tincidunt. Donec vitae erat,9,$35.76
Tarik Tran,aenean.egestas@protonmail.edu,Ap #650-3932 Dictum. Rd.,Dōngběi,France,"Nunc ullamcorper, velit in aliquet lobortis, nisi nibh lacinia orci,",1,$78.91
Elijah Curtis,urna@aol.org,Ap #343-5872 Sapien. Rd.,Vestland,Philippines,"non, egestas a, dui. Cras pellentesque. Sed dictum. Proin eget",9,$71.35
Sylvester Rose,ut.dolor.dapibus@protonmail.org,420-579 Duis Avenue,Berlin,United States,"mi, ac mattis velit justo nec ante. Maecenas mi felis,",5,$89.26
Lance Ford,donec.elementum@icloud.ca,9619 In Road,Benue,Indonesia,in sodales elit erat vitae risus. Duis a mi fringilla,2,$27.75
Rajah Ware,dui@icloud.couk,Ap #488-982 Blandit St.,Oyo,Poland,"lectus rutrum urna, nec luctus felis purus ac tellus. Suspendisse",5,$34.54
Mollie Johnson,duis.mi@icloud.ca,516-6846 Suspendisse St.,Western Australia,Mexico,metus facilisis lorem tristique aliquet. Phasellus fermentum convallis ligula. Donec,9,$18.09
Giacomo Talley,mi@google.net,6578 Elit St.,Lampung,Peru,arcu. Nunc mauris. Morbi non sapien molestie orci tincidunt adipiscing.,9,$49.25
Adam Gates,volutpat.ornare@google.net,868-4487 Non Avenue,Vlaams-Brabant,Poland,eget lacus. Mauris non dui nec urna suscipit nonummy. Fusce,0,$95.26
Cody Rowland,dolor@aol.net,Ap #228-1699 Cursus Road,Veracruz,Norway,pellentesque. Sed dictum. Proin eget odio. Aliquam vulputate ullamcorper magna.,6,$12.15
Candace Bowman,dis@aol.edu,Ap #236-1310 A St.,Vlaams-Brabant,Nigeria,ipsum. Suspendisse sagittis. Nullam vitae diam. Proin dolor. Nulla semper,7,$20.09
Anjolie Casey,semper.dui@protonmail.com,8131 Praesent Avenue,Leinster,Chile,"Donec porttitor tellus non magna. Nam ligula elit, pretium et,",4,$45.39
Moana Olsen,velit.in.aliquet@icloud.org,9262 Placerat. Avenue,Guanacaste,Poland,rutrum lorem ac risus. Morbi metus. Vivamus euismod urna. Nullam,6,$17.71
Ivor Barber,cras.lorem@hotmail.com,Ap #972-7959 Tellus. St.,Ulster,Norway,"non leo. Vivamus nibh dolor, nonummy ac, feugiat non, lobortis",5,$48.04
Guinevere Greer,vel.venenatis.vel@hotmail.edu,Ap #421-4400 Velit. Road,Borno,Austria,"magna, malesuada vel, convallis in, cursus et, eros. Proin ultrices.",4,$3.26
Channing Holland,feugiat.lorem.ipsum@hotmail.net,Ap #102-2859 Cras St.,South Chungcheong,South Africa,"vitae, erat. Vivamus nisi. Mauris nulla. Integer urna. Vivamus molestie",1,$83.65
Irene Barr,ridiculus@google.com,800-3257 Hendrerit Rd.,Dalarnas län,Nigeria,"mattis velit justo nec ante. Maecenas mi felis, adipiscing fringilla,",1,$74.80
Naomi Boone,amet@hotmail.net,866-414 In Avenue,Nariño,Vietnam,"ornare, libero at auctor ullamcorper, nisl arcu iaculis enim, sit",3,$27.02
Ulric Stone,a.odio@icloud.couk,376-120 Odio Ave,Northern Territory,Norway,nec metus facilisis lorem tristique aliquet. Phasellus fermentum convallis ligula.,5,$98.97
Myles Navarro,fermentum.convallis@yahoo.net,"P.O. Box 775, 4248 Adipiscing Avenue",Cao Bằng,Peru,"at, velit. Pellentesque ultricies dignissim lacus. Aliquam rutrum lorem ac",8,$3.48
Jemima Lucas,nulla.eget@protonmail.net,1577 Pede. St.,Nunavut,Philippines,blandit mattis. Cras eget nisi dictum augue malesuada malesuada. Integer,7,$54.91
Merrill Bates,fermentum.risus@aol.edu,Ap #549-5020 Feugiat. Ave,Cao Bằng,Germany,"blandit. Nam nulla magna, malesuada vel, convallis in, cursus et,",0,$76.32
Brett Cote,sed@hotmail.couk,Ap #735-9302 Mi Avenue,Dōngběi,Pakistan,"interdum. Sed auctor odio a purus. Duis elementum, dui quis",4,$88.97
Sylvester Shaw,euismod@yahoo.net,265-2595 Velit. Avenue,North Region,Colombia,"convallis in, cursus et, eros. Proin ultrices. Duis volutpat nunc",3,$19.77
Jelani Lancaster,non@hotmail.edu,Ap #575-5099 Etiam Road,Sindh,Philippines,"lobortis quis, pede. Suspendisse dui. Fusce diam nunc, ullamcorper eu,",2,$41.39
Howard Hansen,malesuada.malesuada@outlook.edu,Ap #542-6774 Erat. Avenue,Västra Götalands län,Australia,"Aliquam nec enim. Nunc ut erat. Sed nunc est, mollis",4,$79.38
Ian Michael,dui.nec@outlook.ca,"Ap #265-9523 Purus, Avenue",Pernambuco,South Korea,tincidunt pede ac urna. Ut tincidunt vehicula risus. Nulla eget,1,$80.41
Myra Frye,vestibulum@hotmail.edu,469-7234 Lectus. St.,Caithness,Chile,"tincidunt, neque vitae semper egestas, urna justo faucibus lectus, a",6,$0.88
Abra Ross,nunc.id@icloud.ca,424-4753 A Road,Schleswig-Holstein,Pakistan,Morbi quis urna. Nunc quis arcu vel quam dignissim pharetra.,2,$3.92
Herrod White,facilisis.magna.tellus@icloud.net,"P.O. Box 660, 2178 Cras Rd.",Noord Holland,Germany,"Ut tincidunt orci quis lectus. Nullam suscipit, est ac facilisis",4,$16.54
Paloma Fox,malesuada.fames.ac@yahoo.net,"P.O. Box 711, 2640 Tellus Rd.",Huáběi,Ukraine,"pellentesque eget, dictum placerat, augue. Sed molestie. Sed id risus",1,$51.55
Hakeem Morrow,ante@google.com,Ap #422-7173 Quam. Road,Cambridgeshire,Sweden,"commodo hendrerit. Donec porttitor tellus non magna. Nam ligula elit,",1,$15.29
Kadeem Curtis,tellus.id@outlook.couk,Ap #849-4895 Nulla Road,West Papua,Mexico,"adipiscing lobortis risus. In mi pede, nonummy ut, molestie in,",7,$8.68
Lillith Heath,blandit.at.nisi@google.ca,"860-3693 Pede, Ave",Huádōng,Pakistan,"lectus quis massa. Mauris vestibulum, neque sed dictum eleifend, nunc",5,$48.42
Orson Lott,eu.tempor@outlook.com,289-935 Volutpat St.,North Island,Spain,"amet massa. Quisque porttitor eros nec tellus. Nunc lectus pede,",1,$98.09
Elvis Lewis,dui.suspendisse.ac@aol.net,110 Magnis St.,Distrito Capital,Mexico,"mollis vitae, posuere at, velit. Cras lorem lorem, luctus ut,",9,$6.19
Lawrence Robles,eget.metus.eu@google.couk,"P.O. Box 110, 5362 Elementum Avenue",Pará,Austria,Aenean euismod mauris eu elit. Nulla facilisi. Sed neque. Sed,6,$94.11
Ifeoma Holloway,consectetuer.cursus@icloud.ca,133-504 Est. Rd.,Victoria,Singapore,blandit congue. In scelerisque scelerisque dui. Suspendisse ac metus vitae,10,$79.32
Megan Crane,in.sodales@hotmail.ca,Ap #806-6316 Habitant Ave,West-Vlaanderen,Chile,fermentum fermentum arcu. Vestibulum ante ipsum primis in faucibus orci,8,$7.68
Mohammad Santiago,id.sapien@protonmail.ca,Ap #232-8202 Erat. Avenue,Nordland,South Korea,"risus a ultricies adipiscing, enim mi tempor lorem, eget mollis",9,$67.06
Ava Hayes,curabitur@yahoo.edu,3160 Mollis Street,Uttarakhand,Belgium,"mauris, rhoncus id, mollis nec, cursus a, enim. Suspendisse aliquet,",6,$38.25
Keefe Larson,placerat.eget@icloud.couk,882-176 Sodales. Street,Tây Ninh,Pakistan,"nec, diam. Duis mi enim, condimentum eget, volutpat ornare, facilisis",1,$98.46
Audra Mccarty,nisl@protonmail.org,Ap #170-4310 Tellus Rd.,Khyber Pakhtoonkhwa,Vietnam,aliquam eros turpis non enim. Mauris quis turpis vitae purus,2,$39.50
Dai Bishop,erat.in@google.org,Ap #281-2636 Sem St.,Mazowieckie,Germany,"et, euismod et, commodo at, libero. Morbi accumsan laoreet ipsum.",8,$6.52
Honorato Thornton,lorem@protonmail.edu,823-4503 Aliquam Rd.,Dumfriesshire,Germany,"mollis. Phasellus libero mauris, aliquam eu, accumsan sed, facilisis vitae,",3,$31.57
Kato Molina,libero.nec.ligula@yahoo.edu,244-4740 Bibendum. Road,Tabasco,Costa Rica,"Phasellus at augue id ante dictum cursus. Nunc mauris elit,",3,$79.39
Lucius Short,elit.aliquam@protonmail.ca,Ap #346-3454 Malesuada Ave,Nunavut,Turkey,"vel, faucibus id, libero. Donec consectetuer mauris id sapien. Cras",4,$78.28
Ulysses Anderson,vestibulum.ut@yahoo.edu,Ap #679-732 Ultrices Rd.,Hatay,Nigeria,"lectus pede, ultrices a, auctor non, feugiat nec, diam. Duis",8,$0.66
Sage Kim,nulla.magna.malesuada@google.couk,"731-4262 Quis, St.",Bali,Mexico,"Aenean egestas hendrerit neque. In ornare sagittis felis. Donec tempor,",4,$36.62
Janna Pierce,nullam.ut@google.ca,341-5212 Sagittis Ave,Northern Cape,Colombia,consequat dolor vitae dolor. Donec fringilla. Donec feugiat metus sit,2,$69.69
Kylee Salazar,elementum@hotmail.ca,Ap #573-8372 Lobortis St.,Puntarenas,Turkey,tempor diam dictum sapien. Aenean massa. Integer vitae nibh. Donec,9,$56.94
Autumn English,dolor.quam@hotmail.couk,Ap #616-3386 Velit St.,Styria,Peru,congue turpis. In condimentum. Donec at arcu. Vestibulum ante ipsum,2,$65.45
Hayden Mcdonald,parturient.montes.nascetur@google.org,"129-7182 A, St.",Alabama,Germany,dolor. Quisque tincidunt pede ac urna. Ut tincidunt vehicula risus.,6,$20.06
Jolene Finley,purus.gravida@protonmail.com,Ap #227-5762 Donec Avenue,Gävleborgs län,Norway,"tincidunt dui augue eu tellus. Phasellus elit pede, malesuada vel,",1,$21.12
Hermione Dunlap,pharetra@outlook.couk,619-5557 Leo Street,Newfoundland and Labrador,Vietnam,"tempus non, lacinia at, iaculis quis, pede. Praesent eu dui.",6,$48.26
Nevada Travis,ante.ipsum@yahoo.ca,759-6580 Nibh Av.,Oyo,Indonesia,"dui. Cum sociis natoque penatibus et magnis dis parturient montes,",7,$41.20
Maggy Lawson,enim.nunc@google.com,Ap #539-9668 Vitae Rd.,Berlin,Brazil,"Proin non massa non ante bibendum ullamcorper. Duis cursus, diam",5,$83.38
Keefe Mcclure,feugiat.metus.sit@protonmail.org,Ap #386-9305 Imperdiet Av.,Kaliningrad Oblast,Canada,"diam eu dolor egestas rhoncus. Proin nisl sem, consequat nec,",2,$1.41
Emery Rojas,egestas.aliquam.fringilla@yahoo.ca,"P.O. Box 416, 5428 Felis Avenue",La Libertad,Poland,"Suspendisse aliquet, sem ut cursus luctus, ipsum leo elementum sem,",1,$92.03
Judith Austin,donec.elementum.lorem@aol.com,"Ap #181-9925 Vestibulum, Ave",Leningrad Oblast,France,fringilla cursus purus. Nullam scelerisque neque sed sem egestas blandit.,0,$56.12
Kalia Wilder,dolor@hotmail.ca,"P.O. Box 244, 4588 Vitae St.",Rajasthan,United States,eu augue porttitor interdum. Sed auctor odio a purus. Duis,7,$56.02
Leonard Newman,non.vestibulum.nec@hotmail.org,Ap #887-8783 Duis Street,Zhōngnán,South Korea,"ante. Maecenas mi felis, adipiscing fringilla, porttitor vulputate, posuere vulputate,",9,$16.21
Rhonda Estes,amet.ante@protonmail.couk,"Ap #746-8645 Ut, St.",Corse,United Kingdom,egestas. Aliquam fringilla cursus purus. Nullam scelerisque neque sed sem,7,$42.87
Sonia Mcfadden,diam.luctus@aol.couk,783-908 Viverra. Rd.,Basilicata,Austria,dignissim tempor arcu. Vestibulum ut eros non enim commodo hendrerit.,8,$14.58
McKenzie Sharpe,arcu.vivamus@aol.net,1975 Nascetur Av.,Novgorod Oblast,Norway,"nibh lacinia orci, consectetuer euismod est arcu ac orci. Ut",8,$78.45
Chester Wilson,ultrices.duis@yahoo.ca,"P.O. Box 309, 5759 Diam Rd.",Lubuskie,Colombia,augue malesuada malesuada. Integer id magna et ipsum cursus vestibulum.,3,$10.21
Yuli Stanton,nunc.sed@aol.ca,Ap #381-4799 Justo St.,South Chungcheong,China,pulvinar arcu et pede. Nunc sed orci lobortis augue scelerisque,2,$99.41
Denton Daniels,tincidunt.nibh@aol.ca,3341 Mauris Avenue,Southwestern Tagalog Region,South Africa,in faucibus orci luctus et ultrices posuere cubilia Curae Phasellus,2,$68.48
Jackson Austin,aliquam@hotmail.net,847-7443 Faucibus Street,Vienna,Peru,fermentum fermentum arcu. Vestibulum ante ipsum primis in faucibus orci,8,$96.70
Silas Cain,fringilla.ornare@outlook.couk,961-143 Eget Av.,Viken,Poland,"aliquet nec, imperdiet nec, leo. Morbi neque tellus, imperdiet non,",9,$26.10
Amaya Nixon,gravida.sit@yahoo.couk,522-1279 Parturient Street,Hessen,China,tortor at risus. Nunc ac sem ut dolor dapibus gravida.,1,$66.20
Dominic Maldonado,mollis.non.cursus@protonmail.couk,"Ap #944-8282 Pede, Street",Ohio,Costa Rica,"sit amet, risus. Donec nibh enim, gravida sit amet, dapibus",9,$10.03
Stewart Rasmussen,pede.nonummy@protonmail.ca,"P.O. Box 747, 3402 Dui Av.",Eastern Cape,Pakistan,arcu. Aliquam ultrices iaculis odio. Nam interdum enim non nisi.,3,$70.68
Kim Mckay,netus@yahoo.couk,"P.O. Box 896, 7630 Cursus St.",Zamboanga Peninsula,Pakistan,"ac facilisis facilisis, magna tellus faucibus leo, in lobortis tellus",7,$71.54
Zorita Fuller,tellus.lorem@google.org,"856-9098 Felis, St.",Burgenland,France,"nibh dolor, nonummy ac, feugiat non, lobortis quis, pede. Suspendisse",2,$43.87
Fuller Weber,egestas.sed@icloud.org,Ap #561-9149 Erat Street,Trøndelag,Indonesia,vitae risus. Duis a mi fringilla mi lacinia mattis. Integer,5,$49.65
Ciaran Finley,suscipit.nonummy.fusce@icloud.net,"P.O. Box 542, 6470 Primis Street",Arequipa,Indonesia,"dictum sapien. Aenean massa. Integer vitae nibh. Donec est mauris,",8,$91.57
Gary Burris,id.ante@protonmail.org,"9536 Et, Rd.",Principado de Asturias,Netherlands,"facilisis. Suspendisse commodo tincidunt nibh. Phasellus nulla. Integer vulputate, risus",6,$59.34
Sybill Jensen,vel.turpis@google.com,"Ap #452-1743 Adipiscing, Rd.",Chiapas,Canada,ac orci. Ut semper pretium neque. Morbi quis urna. Nunc,1,$15.09
Jameson Leblanc,iaculis@yahoo.com,"P.O. Box 321, 1844 Parturient Rd.",North Chungcheong,Brazil,nunc id enim. Curabitur massa. Vestibulum accumsan neque et nunc.,7,$62.73
Moana Rhodes,nullam.scelerisque@protonmail.net,"P.O. Box 123, 1858 Risus. St.",Gorontalo,South Korea,"rutrum eu, ultrices sit amet, risus. Donec nibh enim, gravida",10,$56.88
Lara Farley,nulla.cras@aol.couk,734-6593 Suspendisse Av.,Dōngběi,Vietnam,"placerat eget, venenatis a, magna. Lorem ipsum dolor sit amet,",8,$75.38
Dahlia Best,in.nec@aol.org,Ap #436-4098 Vehicula. Ave,Sơn La,Germany,nunc sed pede. Cum sociis natoque penatibus et magnis dis,2,$41.88
Shay Meyers,vel.arcu@hotmail.net,383-9148 Urna St.,Västra Götalands län,Poland,enim. Etiam imperdiet dictum magna. Ut tincidunt orci quis lectus.,0,$52.46
Richard Mcdonald,enim.etiam.gravida@protonmail.com,"9809 Urna, Rd.",Bursa,United States,"elit sed consequat auctor, nunc nulla vulputate dui, nec tempus",7,$91.27
Adele Joseph,enim.nec@google.couk,1315 Vel St.,Connacht,Chile,sem eget massa. Suspendisse eleifend. Cras sed leo. Cras vehicula,0,$98.76
Samuel Nichols,facilisi.sed.neque@yahoo.ca,708-915 Malesuada Road,Pernambuco,Russian Federation,"adipiscing, enim mi tempor lorem, eget mollis lectus pede et",7,$43.18
Oscar Winters,odio.phasellus@aol.edu,Ap #687-9266 Dolor Avenue,Vinnytsia oblast,Spain,"enim, gravida sit amet, dapibus id, blandit at, nisi. Cum",4,$33.68
Rana Nichols,etiam.gravida.molestie@google.org,"990-5527 Est, Rd.",Noord Brabant,Austria,lobortis. Class aptent taciti sociosqu ad litora torquent per conubia,9,$76.63
Carson Witt,nec@yahoo.net,"772-7420 Id, Avenue",Pennsylvania,Poland,velit. Quisque varius. Nam porttitor scelerisque neque. Nullam nisl. Maecenas,2,$19.05
Xenos Horn,non.enim@outlook.ca,Ap #514-7131 Quis St.,Illes Balears,Germany,"montes, nascetur ridiculus mus. Aenean eget magna. Suspendisse tristique neque",0,$18.32
Charity Walton,nunc.sed.orci@icloud.org,"3328 Ac, Rd.",Toscana,Singapore,"Donec porttitor tellus non magna. Nam ligula elit, pretium et,",3,$79.43
Portia Ray,iaculis.lacus.pede@outlook.com,Ap #634-2622 Eros. St.,Casanare,Indonesia,dignissim magna a tortor. Nunc commodo auctor velit. Aliquam nisl.,9,$62.04
Hasad Mcknight,montes.nascetur@hotmail.net,Ap #765-1634 Nibh Avenue,Central Region,Norway,ornare egestas ligula. Nullam feugiat placerat velit. Quisque varius. Nam,4,$26.03
Duncan Bailey,felis.ullamcorper@hotmail.org,892-2459 Pede. Rd.,Dalarnas län,Italy,"dui. Cum sociis natoque penatibus et magnis dis parturient montes,",8,$23.53
Debra Fulton,turpis@icloud.com,"P.O. Box 433, 1154 Non Rd.",North Island,Philippines,non dui nec urna suscipit nonummy. Fusce fermentum fermentum arcu.,9,$38.89
Miranda England,nascetur.ridiculus@google.org,401-4245 Natoque Rd.,Diyarbakır,Poland,Phasellus in felis. Nulla tempor augue ac ipsum. Phasellus vitae,1,$17.82
Ivan Valentine,suscipit.est@google.com,"P.O. Box 585, 5848 Suspendisse Av.",Overijssel,Vietnam,"natoque penatibus et magnis dis parturient montes, nascetur ridiculus mus.",1,$95.32
Camille Macias,tristique.senectus@aol.com,"P.O. Box 566, 4843 Quis Street",Eastern Cape,Singapore,orci luctus et ultrices posuere cubilia Curae Donec tincidunt. Donec,5,$79.18
Ruth Pugh,nascetur.ridiculus@outlook.com,Ap #610-315 Nulla Rd.,Bourgogne,Peru,congue. In scelerisque scelerisque dui. Suspendisse ac metus vitae velit,8,$31.65
Shaine Rojas,montes.nascetur@hotmail.ca,Ap #499-9030 Suspendisse Av.,Vestland,Ukraine,"neque sed dictum eleifend, nunc risus varius orci, in consequat",7,$6.68
Porter Crawford,at.sem@protonmail.net,Ap #572-8208 Dolor. St.,Limburg,Indonesia,"sed dui. Fusce aliquam, enim nec tempus scelerisque, lorem ipsum",5,$49.25
Ivan Gross,lorem@google.com,"P.O. Box 258, 9465 Mus. Ave",Kemerovo Oblast,Norway,"luctus aliquet odio. Etiam ligula tortor, dictum eu, placerat eget,",5,$16.21
Clayton Hampton,urna.nunc.quis@google.ca,8486 Erat St.,Central Sulawesi,Philippines,"at, egestas a, scelerisque sed, sapien. Nunc pulvinar arcu et",4,$20.40
Quin Eaton,vitae@hotmail.couk,246-3383 Libero Av.,Magdalena,Ireland,"elementum sem, vitae aliquam eros turpis non enim. Mauris quis",10,$85.48
Xanthus Mckinney,interdum.sed@outlook.net,Ap #124-9241 Convallis St.,National Capital Region,China,Suspendisse eleifend. Cras sed leo. Cras vehicula aliquet libero. Integer,9,$79.38
Rashad Barnett,non.justo.proin@aol.org,953-3851 Quis St.,Stockholms län,Austria,"neque sed dictum eleifend, nunc risus varius orci, in consequat",10,$2.24
Herman Pittman,dictum.eu@yahoo.couk,"Ap #502-8465 Iaculis, Road",Puntarenas,Germany,habitant morbi tristique senectus et netus et malesuada fames ac,5,$78.13
Aristotle Jackson,a.scelerisque.sed@outlook.ca,Ap #150-5468 Nulla. Rd.,Gaziantep,United States,aliquam arcu. Aliquam ultrices iaculis odio. Nam interdum enim non,3,$97.57
Upton Goodman,morbi.tristique@icloud.edu,Ap #776-5229 Metus. Ave,Ontario,Germany,ac turpis egestas. Aliquam fringilla cursus purus. Nullam scelerisque neque,6,$74.04
Jasmine Bray,pellentesque.eget.dictum@protonmail.com,8755 Sit St.,Guanacaste,Mexico,Nulla facilisi. Sed neque. Sed eget lacus. Mauris non dui,3,$96.18
Randall Villarreal,cras@yahoo.com,"P.O. Box 842, 9533 Placerat, St.",Delta,Costa Rica,"ante. Maecenas mi felis, adipiscing fringilla, porttitor vulputate, posuere vulputate,",2,$97.71
Jada Mann,morbi.metus.vivamus@icloud.org,Ap #336-866 Sed Ave,Victoria,Costa Rica,ipsum. Donec sollicitudin adipiscing ligula. Aenean gravida nunc sed pede.,2,$82.60
Thaddeus Melton,pellentesque.a@hotmail.ca,"596-2627 Consequat, St.",Nordland,United Kingdom,sapien molestie orci tincidunt adipiscing. Mauris molestie pharetra nibh. Aliquam,5,$84.22
Troy Stephens,facilisis.magna@yahoo.com,"P.O. Box 735, 3149 Magna Av.",Gilgit Baltistan,Philippines,enim. Mauris quis turpis vitae purus gravida sagittis. Duis gravida.,10,$22.47
Len Pearson,tortor@protonmail.ca,Ap #349-2119 Diam Street,Paraíba,Mexico,"laoreet, libero et tristique pellentesque, tellus sem mollis dui, in",3,$70.28
Bell Greer,sit.amet.ultricies@aol.org,588-3344 At Rd.,Calabria,Italy,Etiam imperdiet dictum magna. Ut tincidunt orci quis lectus. Nullam,8,$81.24
Erin Lucas,commodo.auctor@aol.net,689-6898 Erat St.,Gävleborgs län,Ukraine,"laoreet lectus quis massa. Mauris vestibulum, neque sed dictum eleifend,",7,$52.85
Inez Carrillo,fames.ac@aol.com,7892 Blandit Ave,North-East Region,Singapore,"velit justo nec ante. Maecenas mi felis, adipiscing fringilla, porttitor",3,$74.05
Pamela Zimmerman,nulla.aliquet@outlook.ca,Ap #560-1014 Quisque St.,Lubelskie,France,"orci, adipiscing non, luctus sit amet, faucibus ut, nulla. Cras",3,$48.88
Lesley Wolf,nec@icloud.ca,5490 Ut Rd.,Sumy oblast,South Korea,"penatibus et magnis dis parturient montes, nascetur ridiculus mus. Aenean",5,$11.56
Gabriel Simon,amet.metus@yahoo.com,Ap #528-7791 Donec Ave,Bahia,Chile,"felis. Donec tempor, est ac mattis semper, dui lectus rutrum",1,$60.87
Lester Rosario,neque.nullam@hotmail.edu,"P.O. Box 259, 3905 Non St.",Rio Grande do Sul,India,"sed, facilisis vitae, orci. Phasellus dapibus quam quis diam. Pellentesque",1,$28.30
Piper Charles,et.lacinia@outlook.com,782-1881 Gravida St.,Cartago,Chile,a nunc. In at pede. Cras vulputate velit eu sem.,2,$87.06
Jasper Rogers,ac.turpis.egestas@icloud.couk,3417 Dui Road,Prince Edward Island,New Zealand,facilisis lorem tristique aliquet. Phasellus fermentum convallis ligula. Donec luctus,3,$59.10
Portia Mckee,sit.amet.risus@outlook.edu,"P.O. Box 422, 6948 Fermentum Ave",Odessa oblast,Poland,"eu tellus. Phasellus elit pede, malesuada vel, venenatis vel, faucibus",4,$12.42
Russell Barr,netus@yahoo.edu,746-4114 A Rd.,Aceh,Philippines,quis turpis vitae purus gravida sagittis. Duis gravida. Praesent eu,7,$68.36
Kyla Bond,aliquam@hotmail.couk,2496 Venenatis Rd.,South Island,Philippines,"tristique ac, eleifend vitae, erat. Vivamus nisi. Mauris nulla. Integer",3,$6.75
Iris Dominguez,nascetur.ridiculus@icloud.couk,Ap #769-382 In Avenue,Vaupés,Vietnam,Sed neque. Sed eget lacus. Mauris non dui nec urna,6,$65.37
Hoyt Sykes,nonummy@outlook.net,"P.O. Box 482, 2254 Nec Rd.",Hessen,Spain,"diam at pretium aliquet, metus urna convallis erat, eget tincidunt",8,$28.37
Ahmed Sullivan,aliquet@aol.ca,102-9040 Metus Ave,Córdoba,Ireland,amet nulla. Donec non justo. Proin non massa non ante,10,$56.58
Emerald Wise,id.ante.nunc@aol.com,996 Nam Rd.,Yucatán,Austria,"risus, at fringilla purus mauris a nunc. In at pede.",9,$4.01
Nicholas Wilkinson,in@google.net,"2660 Elementum, Street",Trentino-Alto Adige,India,"auctor ullamcorper, nisl arcu iaculis enim, sit amet ornare lectus",10,$94.24
Debra Beach,amet.massa@protonmail.edu,Ap #569-2841 Nunc Rd.,Principado de Asturias,Russian Federation,"dictum sapien. Aenean massa. Integer vitae nibh. Donec est mauris,",6,$77.85
Kirk Zamora,at.auctor.ullamcorper@icloud.ca,"P.O. Box 417, 6261 At Av.",Gangwon,Germany,"In ornare sagittis felis. Donec tempor, est ac mattis semper,",5,$79.16
Mannix Henry,curabitur@icloud.com,478-5661 Sed Street,Kyiv oblast,Netherlands,"rutrum, justo. Praesent luctus. Curabitur egestas nunc sed libero. Proin",1,$98.92
Channing Gardner,phasellus@aol.com,1945 Aliquam Ave,Vestfold og Telemark,France,"convallis est, vitae sodales nisi magna sed dui. Fusce aliquam,",6,$5.69
Marah Benton,pellentesque@aol.ca,"P.O. Box 954, 1903 Aliquam Avenue",Vichada,Singapore,pede. Nunc sed orci lobortis augue scelerisque mollis. Phasellus libero,0,$42.42
Benjamin Lowery,morbi.tristique@google.com,Ap #693-4594 Dignissim. Av.,Nuevo León,United Kingdom,et malesuada fames ac turpis egestas. Fusce aliquet magna a,8,$63.16
Alma Rivera,mauris.eu@icloud.net,"P.O. Box 524, 5683 Diam Road",Tarapacá,Indonesia,"mi felis, adipiscing fringilla, porttitor vulputate, posuere vulputate, lacus. Cras",1,$58.23
Clayton Navarro,ac@protonmail.edu,"P.O. Box 892, 794 In St.",Leinster,Mexico,"felis. Donec tempor, est ac mattis semper, dui lectus rutrum",2,$99.73
Karina Holden,eu@outlook.couk,553-2681 Penatibus Rd.,Arizona,Costa Rica,urna. Nunc quis arcu vel quam dignissim pharetra. Nam ac,4,$64.76
Aurora Schultz,proin.dolor@hotmail.org,"346 At, Rd.",Ancash,Pakistan,Mauris quis turpis vitae purus gravida sagittis. Duis gravida. Praesent,3,$49.63
Andrew Butler,vivamus.sit@yahoo.ca,Ap #160-7805 Ornare Avenue,Casanare,Belgium,"lorem ut aliquam iaculis, lacus pede sagittis augue, eu tempor",5,$63.57
Lucy Garza,sit.amet.ultricies@hotmail.couk,Ap #485-6515 Dictum Road,Lancashire,Poland,vitae diam. Proin dolor. Nulla semper tellus id nunc interdum,2,$20.60
Grace Cox,condimentum@protonmail.com,Ap #990-9687 Nullam Ave,Madrid,Mexico,et netus et malesuada fames ac turpis egestas. Aliquam fringilla,2,$87.40
Harriet Koch,lacus.mauris@hotmail.ca,6279 Pede. Ave,Nagaland,Peru,"ac facilisis facilisis, magna tellus faucibus leo, in lobortis tellus",4,$76.90
Colette O'Neill,nunc.mauris@protonmail.ca,"Ap #471-9967 Fringilla, Street",Kirovohrad oblast,Chile,nulla. Donec non justo. Proin non massa non ante bibendum,5,$98.60
Beau Patrick,molestie.in@yahoo.edu,Ap #875-4946 Velit. Rd.,Hatay,Brazil,"nibh. Aliquam ornare, libero at auctor ullamcorper, nisl arcu iaculis",5,$16.74
Keaton Cabrera,nisi@google.org,Ap #659-8498 Natoque Av.,Carinthia,Brazil,"vitae velit egestas lacinia. Sed congue, elit sed consequat auctor,",4,$30.36
Mannix Weiss,felis.nulla.tempor@hotmail.com,584-8579 Nunc Av.,Rheinland-Pfalz,Pakistan,"diam nunc, ullamcorper eu, euismod ac, fermentum vel, mauris. Integer",10,$72.52
Marsden Pennington,ut@outlook.couk,356 Sed Street,Tolima,Norway,"aptent taciti sociosqu ad litora torquent per conubia nostra, per",10,$62.60
Galvin Carroll,augue.malesuada@icloud.org,Ap #811-7528 Nunc Avenue,North Region,Germany,"mi, ac mattis velit justo nec ante. Maecenas mi felis,",4,$53.65
Karen Bush,lorem.luctus@yahoo.org,566-3721 Proin Rd.,South Chungcheong,Philippines,"ac, feugiat non, lobortis quis, pede. Suspendisse dui. Fusce diam",9,$58.00
Erin Fletcher,vestibulum.ante@aol.edu,"P.O. Box 475, 4192 Vitae, Rd.",Yucatán,Belgium,Donec tincidunt. Donec vitae erat vel pede blandit congue. In,8,$80.71
Dara Larson,ut@outlook.edu,Ap #961-7749 Pellentesque Rd.,Midlothian,Peru,orci. Donec nibh. Quisque nonummy ipsum non arcu. Vivamus sit,5,$11.20
Thor Avery,vulputate@yahoo.couk,9335 Tincidunt. Street,Banten,Russian Federation,"odio a purus. Duis elementum, dui quis accumsan convallis, ante",4,$94.63
Rashad Reeves,amet.risus@yahoo.com,"187 Vulputate, Road",Podlaskie,New Zealand,"Lorem ipsum dolor sit amet, consectetuer adipiscing elit. Curabitur sed",2,$82.52
Fiona Ratliff,metus.vitae.velit@hotmail.ca,329-6756 Malesuada Road,Rogaland,United Kingdom,nulla. In tincidunt congue turpis. In condimentum. Donec at arcu.,6,$1.31
Lydia Crosby,morbi.quis@icloud.couk,"P.O. Box 932, 6423 Neque. Road",Limón,Austria,tellus id nunc interdum feugiat. Sed nec metus facilisis lorem,10,$51.17
Amber Peterson,dui.cum.sociis@protonmail.edu,"722-7484 A, Ave",Zhōngnán,Brazil,"gravida. Aliquam tincidunt, nunc ac mattis ornare, lectus ante dictum",9,$54.14
Carson Tyson,elit.pede.malesuada@outlook.com,7785 Ante Avenue,Đồng Nai,Colombia,"dis parturient montes, nascetur ridiculus mus. Proin vel arcu eu",10,$74.26
Candice Soto,molestie@google.net,953-948 Volutpat Ave,Heredia,Indonesia,ac turpis egestas. Aliquam fringilla cursus purus. Nullam scelerisque neque,10,$88.84
Ira Watson,velit.aliquam@icloud.com,"P.O. Box 773, 455 Vulputate, Avenue",East Kalimantan,Turkey,"nulla ante, iaculis nec, eleifend non, dapibus rutrum, justo. Praesent",8,$21.23
Cecilia Shaffer,mollis.integer@aol.ca,529-1715 Nunc Avenue,Bauchi,South Africa,Sed id risus quis diam luctus lobortis. Class aptent taciti,5,$79.41
Harper Perkins,mi.duis@aol.edu,375-7834 Phasellus Avenue,Michigan,Nigeria,"tempor lorem, eget mollis lectus pede et risus. Quisque libero",1,$13.06
Quyn Sherman,interdum.sed@outlook.edu,"278-2158 Non, St.",Møre og Romsdal,Peru,Integer id magna et ipsum cursus vestibulum. Mauris magna. Duis,7,$40.84
Renee Thomas,aliquam.gravida@aol.com,Ap #314-3898 Neque Rd.,Gorontalo,Pakistan,"purus sapien, gravida non, sollicitudin a, malesuada id, erat. Etiam",8,$53.02
Carly Nichols,et.tristique@outlook.ca,7062 Magna Rd.,Nizhny Novgorod Oblast,United Kingdom,"purus. Duis elementum, dui quis accumsan convallis, ante lectus convallis",2,$58.93
Orli Hicks,risus@protonmail.edu,885-4328 Proin St.,Umbria,Turkey,neque non quam. Pellentesque habitant morbi tristique senectus et netus,8,$7.46
Lucas Reilly,adipiscing@protonmail.couk,545-3251 Mollis Rd.,Arauca,Russian Federation,euismod est arcu ac orci. Ut semper pretium neque. Morbi,1,$52.16
Tanner Logan,nisi.aenean@google.edu,1240 Neque Ave,Goa,Belgium,"Aenean egestas hendrerit neque. In ornare sagittis felis. Donec tempor,",4,$21.59
Vernon Ferrell,enim.non@yahoo.ca,612-3604 Nibh. St.,Aisén,India,"fermentum vel, mauris. Integer sem elit, pharetra ut, pharetra sed,",6,$30.49
Cairo Fitzpatrick,gravida.praesent@yahoo.org,9836 Cursus Rd.,Kirovohrad oblast,Nigeria,"velit dui, semper et, lacinia vitae, sodales at, velit. Pellentesque",1,$3.98
Madeline Snyder,vestibulum.ante@yahoo.couk,8600 Sagittis Ave,Lambayeque,Germany,et netus et malesuada fames ac turpis egestas. Aliquam fringilla,9,$96.73
Karina Hunt,egestas.a@hotmail.com,Ap #138-3494 Consectetuer Street,Dalarnas län,Philippines,purus mauris a nunc. In at pede. Cras vulputate velit,10,$28.83
Colton Baird,at.nisi@yahoo.com,Ap #877-7779 Laoreet Avenue,Tasmania,France,at pede. Cras vulputate velit eu sem. Pellentesque ut ipsum,4,$85.99
Naomi Mcdowell,tellus.non.magna@hotmail.couk,"P.O. Box 531, 1820 Vitae Avenue",Vlaams-Brabant,India,nec urna et arcu imperdiet ullamcorper. Duis at lacus. Quisque,2,$19.42
Ignatius Morales,ante@icloud.org,548 Vel Rd.,La Guajira,Indonesia,"ac mattis semper, dui lectus rutrum urna, nec luctus felis",8,$63.93
Alfreda Key,magna.tellus@icloud.net,8865 Lorem St.,Cà Mau,Canada,"tempus non, lacinia at, iaculis quis, pede. Praesent eu dui.",7,$38.17
Selma Scott,odio.etiam.ligula@hotmail.ca,Ap #412-1673 Ut St.,Berlin,United Kingdom,Mauris ut quam vel sapien imperdiet ornare. In faucibus. Morbi,2,$96.98
Wyatt Roberson,maecenas@outlook.net,8816 Eget Street,Marche,Spain,id risus quis diam luctus lobortis. Class aptent taciti sociosqu,7,$21.65
Jillian Wilkins,gravida.non@hotmail.net,Ap #274-7771 Ac Rd.,Massachusetts,India,nec urna suscipit nonummy. Fusce fermentum fermentum arcu. Vestibulum ante,10,$23.18
Murphy Holt,lorem@google.net,187-627 Mi Street,New Brunswick,South Africa,Nunc pulvinar arcu et pede. Nunc sed orci lobortis augue,4,$71.86
Rajah Good,nisi.aenean@yahoo.com,Ap #380-4896 Vivamus St.,Niger,South Africa,vel arcu. Curabitur ut odio vel est tempor bibendum. Donec,6,$56.81
Kareem Clayton,sed.et@aol.edu,"P.O. Box 668, 5789 Ipsum. Rd.",Catalunya,Chile,"dolor dolor, tempus non, lacinia at, iaculis quis, pede. Praesent",1,$61.92
Lana Bean,primis.in.faucibus@icloud.net,"P.O. Box 429, 1086 Ut Av.",Nagaland,Singapore,"felis ullamcorper viverra. Maecenas iaculis aliquet diam. Sed diam lorem,",5,$90.00
Eagan Robinson,vivamus.euismod@hotmail.edu,9060 Velit Rd.,Vestfold og Telemark,United Kingdom,risus. Donec egestas. Duis ac arcu. Nunc mauris. Morbi non,3,$39.19
Hollee West,eros.nam@google.com,Ap #903-2044 Aenean St.,Northern Territory,India,"ipsum porta elit, a feugiat tellus lorem eu metus. In",9,$8.53
Cody Wiley,massa.lobortis@aol.org,"P.O. Box 387, 8118 Malesuada. Street",Noord Brabant,Norway,"eget, dictum placerat, augue. Sed molestie. Sed id risus quis",4,$11.64
Amena Sims,sociis@yahoo.net,707-1154 Cursus. Avenue,Jharkhand,Austria,"magna. Lorem ipsum dolor sit amet, consectetuer adipiscing elit. Etiam",0,$90.41
Wang Haynes,felis@aol.ca,528-7556 Curabitur Rd.,Sicilia,Philippines,Nulla eu neque pellentesque massa lobortis ultrices. Vivamus rhoncus. Donec,5,$28.78
Winifred Mullins,elementum.sem@icloud.net,603-8253 Etiam St.,Zachodniopomorskie,Ukraine,"Lorem ipsum dolor sit amet, consectetuer adipiscing elit. Aliquam auctor,",2,$82.86
Ray Hays,risus.quisque@icloud.net,"P.O. Box 228, 8153 Nunc Av.",Quindío,Australia,"lacus pede sagittis augue, eu tempor erat neque non quam.",2,$9.22
Buffy Dennis,phasellus.ornare@google.org,Ap #881-4106 Sem St.,Paraná,United States,Mauris eu turpis. Nulla aliquet. Proin velit. Sed malesuada augue,0,$77.26
Jana Byers,montes.nascetur.ridiculus@aol.com,395-4423 Sed Road,Luik,France,Donec egestas. Aliquam nec enim. Nunc ut erat. Sed nunc,1,$33.31
Shafira Acosta,in.consectetuer@google.couk,Ap #884-6132 Cras Av.,Huáběi,Germany,diam dictum sapien. Aenean massa. Integer vitae nibh. Donec est,5,$71.52
Cedric Nichols,congue.a@aol.com,"P.O. Box 358, 2718 Velit. Rd.",Auvergne,China,"sapien. Cras dolor dolor, tempus non, lacinia at, iaculis quis,",2,$69.75
Pascale Blanchard,vehicula.aliquet@protonmail.org,416-9273 Feugiat Rd.,Henegouwen,Singapore,"egestas blandit. Nam nulla magna, malesuada vel, convallis in, cursus",0,$6.51
Samuel Pitts,molestie.tellus@yahoo.net,"P.O. Box 993, 3991 Velit. Road",Thanh Hóa,Poland,purus. Nullam scelerisque neque sed sem egestas blandit. Nam nulla,5,$74.93
Hall Macdonald,duis.risus@yahoo.ca,3506 Senectus Rd.,Pomorskie,Mexico,"pede, malesuada vel, venenatis vel, faucibus id, libero. Donec consectetuer",2,$29.74
Carissa Blair,metus.aenean@hotmail.edu,824-577 Velit. Rd.,Cordillera Administrative Region,Netherlands,Aliquam nisl. Nulla eu neque pellentesque massa lobortis ultrices. Vivamus,5,$68.28
Alec Mathis,praesent@protonmail.org,266-6315 Sociosqu St.,Quảng Bình,Spain,"augue porttitor interdum. Sed auctor odio a purus. Duis elementum,",4,$32.55
Logan Marsh,nullam.feugiat.placerat@protonmail.edu,198-8101 Neque Rd.,Pará,Netherlands,"ligula consectetuer rhoncus. Nullam velit dui, semper et, lacinia vitae,",9,$54.86
Megan Bridges,nulla.at@protonmail.couk,"8198 Non, Street",Friuli-Venezia Giulia,India,Duis volutpat nunc sit amet metus. Aliquam erat volutpat. Nulla,5,$81.65
Zeus Maxwell,tristique.senectus.et@icloud.ca,"Ap #557-7884 Pede, Road",Stockholms län,Colombia,"lacus vestibulum lorem, sit amet ultricies sem magna nec quam.",7,$75.94
Melinda Mckinney,nec.luctus@aol.net,"Ap #425-4943 Placerat, Road",Oyo,Indonesia,scelerisque neque. Nullam nisl. Maecenas malesuada fringilla est. Mauris eu,8,$72.34
Roary Mckinney,cras@aol.com,"Ap #389-9448 Pede, Road",Khánh Hòa,South Africa,sed turpis nec mauris blandit mattis. Cras eget nisi dictum,5,$69.39
Thane Wallace,vulputate.lacus@aol.net,Ap #381-7758 Donec Rd.,Agder,Turkey,blandit congue. In scelerisque scelerisque dui. Suspendisse ac metus vitae,8,$50.58
Howard Weber,ornare.elit.elit@yahoo.edu,406-1231 Integer Avenue,Lima,United States,auctor velit. Aliquam nisl. Nulla eu neque pellentesque massa lobortis,6,$52.11
Dominic Underwood,gravida.mauris@aol.org,574-4776 Tempor Road,Carinthia,Sweden,"parturient montes, nascetur ridiculus mus. Donec dignissim magna a tortor.",5,$25.66
Mallory Richards,enim@aol.net,153-2251 Mauris Street,Nagaland,United Kingdom,Proin vel nisl. Quisque fringilla euismod enim. Etiam gravida molestie,2,$90.30
Melinda Blankenship,id.erat@protonmail.net,"P.O. Box 363, 456 Orci Ave",North Island,Turkey,fringilla est. Mauris eu turpis. Nulla aliquet. Proin velit. Sed,7,$6.00
Ronan Ochoa,aliquam.adipiscing@protonmail.couk,"184-8007 Purus, Street",Guanacaste,Poland,"semper rutrum. Fusce dolor quam, elementum at, egestas a, scelerisque",7,$60.08
Rhea Schultz,duis@google.couk,332-9341 Enim Av.,East Region,Austria,"et, magna. Praesent interdum ligula eu enim. Etiam imperdiet dictum",8,$11.72
Kibo Gibson,lorem@google.edu,Ap #263-9442 Et Ave,Swiętokrzyskie,Ireland,Curae Donec tincidunt. Donec vitae erat vel pede blandit congue.,7,$5.51
Flynn Nixon,eu.augue.porttitor@aol.couk,4276 Ultricies Rd.,North Maluku,Colombia,"Phasellus dolor elit, pellentesque a, facilisis non, bibendum sed, est.",0,$97.72
Jessamine Hancock,netus@google.com,"Ap #700-3309 Non, Rd.",Limón,Indonesia,"lorem. Donec elementum, lorem ut aliquam iaculis, lacus pede sagittis",10,$23.66
Nola Woodard,mauris.eu@outlook.org,364-2102 Et Avenue,New South Wales,Costa Rica,sagittis lobortis mauris. Suspendisse aliquet molestie tellus. Aenean egestas hendrerit,4,$77.37
Chandler Hoover,gravida.molestie@protonmail.com,Ap #635-4169 Vivamus Rd.,Poltava oblast,Peru,"arcu imperdiet ullamcorper. Duis at lacus. Quisque purus sapien, gravida",5,$68.12
Lane Ryan,fermentum.arcu@yahoo.ca,6606 Hendrerit. Rd.,Utah,Norway,"lacus, varius et, euismod et, commodo at, libero. Morbi accumsan",7,$56.54
Elizabeth Booker,mauris.blandit@hotmail.edu,Ap #141-4688 Maecenas Street,Leinster,China,"Suspendisse commodo tincidunt nibh. Phasellus nulla. Integer vulputate, risus a",2,$80.14
Hilel Hopper,massa.integer@google.couk,3036 Sit St.,Agder,Italy,"magna sed dui. Fusce aliquam, enim nec tempus scelerisque, lorem",8,$71.05
Berk Duke,nullam.velit.dui@yahoo.net,"874-5080 Vitae, Av.",Sachsen-Anhalt,Nigeria,"pellentesque eget, dictum placerat, augue. Sed molestie. Sed id risus",2,$49.51
Nigel Crane,integer.sem.elit@yahoo.ca,"P.O. Box 847, 7319 Ac Av.",Limpopo,Chile,Donec at arcu. Vestibulum ante ipsum primis in faucibus orci,2,$33.99
Cain Robinson,curabitur.vel@protonmail.ca,"537-1849 Vestibulum, Road",Western Visayas,Australia,"scelerisque mollis. Phasellus libero mauris, aliquam eu, accumsan sed, facilisis",3,$36.29
Ava Pickett,pede.suspendisse@yahoo.couk,576-930 Rhoncus. Av.,Arizona,Singapore,"a, scelerisque sed, sapien. Nunc pulvinar arcu et pede. Nunc",5,$65.74
Anika Castaneda,aliquam.nec.enim@protonmail.net,844-9114 Vitae Street,Flevoland,Poland,"adipiscing elit. Etiam laoreet, libero et tristique pellentesque, tellus sem",8,$9.22
Lewis Beck,ac.mattis.velit@google.net,770-5231 Lorem Rd.,Vienna,Italy,pede. Cras vulputate velit eu sem. Pellentesque ut ipsum ac,5,$55.22
Kellie Sims,natoque.penatibus.et@aol.net,Ap #900-3317 Risus. Rd.,Phú Yên,Philippines,arcu. Vestibulum ut eros non enim commodo hendrerit. Donec porttitor,1,$33.34
Reagan Farmer,vivamus.sit@google.net,Ap #413-4015 Cras Rd.,Rogaland,Pakistan,"lacus vestibulum lorem, sit amet ultricies sem magna nec quam.",3,$89.84
Naomi Fletcher,mi.lorem@yahoo.couk,Ap #826-7995 Et Av.,Andalucía,Ukraine,turpis non enim. Mauris quis turpis vitae purus gravida sagittis.,6,$69.73
Hiroko Phelps,enim@yahoo.com,453-1902 Libero Avenue,Chocó,Austria,egestas. Aliquam fringilla cursus purus. Nullam scelerisque neque sed sem,1,$31.06
Quail Conner,lorem.ac@google.edu,1688 Et Street,Västra Götalands län,India,"feugiat tellus lorem eu metus. In lorem. Donec elementum, lorem",2,$13.36
Amber Ryan,sit@outlook.couk,997-8476 In Ave,Lower Austria,Vietnam,turpis vitae purus gravida sagittis. Duis gravida. Praesent eu nulla,8,$48.29
Sade Elliott,non.enim@aol.org,Ap #120-3645 Auctor Av.,Thái Nguyên,China,"Phasellus libero mauris, aliquam eu, accumsan sed, facilisis vitae, orci.",7,$88.97
Alvin Ramirez,nunc@aol.couk,4263 Quam Av.,Overijssel,Turkey,"Cum sociis natoque penatibus et magnis dis parturient montes, nascetur",2,$93.82
Naomi Hall,ultrices@outlook.net,Ap #991-4856 Senectus Street,Jharkhand,Germany,"sociis natoque penatibus et magnis dis parturient montes, nascetur ridiculus",1,$21.91
Regan Bright,quisque.fringilla@hotmail.couk,Ap #489-1622 Sociis St.,Monmouthshire,Ukraine,quis diam. Pellentesque habitant morbi tristique senectus et netus et,5,$82.20
Porter Shaffer,est.mauris@aol.org,896-259 Id Rd.,La Libertad,Nigeria,eget magna. Suspendisse tristique neque venenatis lacus. Etiam bibendum fermentum,4,$94.02
Urielle Fitzgerald,dictum.sapien@icloud.net,Ap #198-9089 Pede Rd.,Casanare,South Africa,"Sed diam lorem, auctor quis, tristique ac, eleifend vitae, erat.",7,$64.76
Diana Bright,enim@outlook.org,Ap #374-5472 Phasellus Av.,Kaliningrad Oblast,Chile,"sed pede nec ante blandit viverra. Donec tempus, lorem fringilla",7,$38.00
Melinda Bright,suspendisse.aliquet@google.couk,"P.O. Box 697, 4433 Eu, Ave",New South Wales,United Kingdom,"est, vitae sodales nisi magna sed dui. Fusce aliquam, enim",10,$80.49
Mona Maxwell,aliquet.magna.a@icloud.edu,"P.O. Box 207, 1667 Erat Street",Sardegna,Turkey,neque. Sed eget lacus. Mauris non dui nec urna suscipit,0,$94.86
Melvin Mclean,gravida.mauris.ut@protonmail.org,397-9595 Nisi Rd.,North Island,Nigeria,gravida sagittis. Duis gravida. Praesent eu nulla at sem molestie,7,$27.44
Zelenia Gross,eget.tincidunt.dui@icloud.couk,736-4979 Suspendisse St.,Gangwon,Belgium,erat volutpat. Nulla dignissim. Maecenas ornare egestas ligula. Nullam feugiat,1,$21.94
Octavius Phillips,orci@hotmail.net,705-479 Libero Street,Podkarpackie,Belgium,a mi fringilla mi lacinia mattis. Integer eu lacus. Quisque,7,$3.36
Fallon Lawson,a@protonmail.com,Ap #966-3087 Nec Road,Jharkhand,Vietnam,"pellentesque a, facilisis non, bibendum sed, est. Nunc laoreet lectus",3,$38.05
Tamekah Mooney,vitae.dolor@protonmail.couk,"379-490 Purus, Rd.",Munster,Costa Rica,"lectus convallis est, vitae sodales nisi magna sed dui. Fusce",1,$71.93
Ralph Peterson,sem.nulla@hotmail.com,"P.O. Box 121, 1002 Nullam Rd.",Coquimbo,France,"dolor. Fusce feugiat. Lorem ipsum dolor sit amet, consectetuer adipiscing",1,$35.05
Jasmine Horn,euismod.urna.nullam@icloud.net,"701-2717 In, Avenue",Mpumalanga,Ireland,"aliquam, enim nec tempus scelerisque, lorem ipsum sodales purus, in",2,$1.90
Hadassah Davenport,et.lacinia@google.org,Ap #935-6680 Mattis Street,Lorraine,Norway,"elit elit fermentum risus, at fringilla purus mauris a nunc.",9,$79.58
Marsden Tate,parturient.montes@outlook.ca,"414-9589 Amet, Avenue",West Bengal,South Africa,erat. Vivamus nisi. Mauris nulla. Integer urna. Vivamus molestie dapibus,5,$86.08
Tucker Short,penatibus.et@google.com,2835 Placerat Av.,Bình Định,United Kingdom,"placerat, augue. Sed molestie. Sed id risus quis diam luctus",2,$7.31
Bryar Hatfield,sed.dolor@hotmail.com,539-7837 Ante Road,Lincolnshire,South Africa,tincidunt aliquam arcu. Aliquam ultrices iaculis odio. Nam interdum enim,4,$94.50
Zenia Maldonado,odio.a@outlook.edu,4028 Ultrices Road,Lima,Ireland,mollis. Integer tincidunt aliquam arcu. Aliquam ultrices iaculis odio. Nam,7,$59.48
Jamalia Lynn,et.malesuada@protonmail.com,"P.O. Box 323, 177 At Rd.",Voronezh Oblast,Ukraine,"bibendum sed, est. Nunc laoreet lectus quis massa. Mauris vestibulum,",3,$84.03
Stewart Chan,mi@google.couk,4803 Facilisis Rd.,Azad Kashmir,South Korea,"litora torquent per conubia nostra, per inceptos hymenaeos. Mauris ut",6,$18.16
Kirby Mccoy,cursus.in@protonmail.edu,808-9459 Lobortis Ave,Araucanía,Colombia,"nulla ante, iaculis nec, eleifend non, dapibus rutrum, justo. Praesent",7,$13.26
Ursula Mcintosh,odio@outlook.com,983-1609 Iaculis Road,Cajamarca,Turkey,quam a felis ullamcorper viverra. Maecenas iaculis aliquet diam. Sed,9,$49.54
Medge Sellers,mauris.suspendisse@aol.org,"835-2563 Vulputate, Street",Umbria,Austria,"euismod et, commodo at, libero. Morbi accumsan laoreet ipsum. Curabitur",8,$1.81
Thomas Copeland,ipsum.suspendisse@outlook.com,112-8268 Rutrum Ave,Yên Bái,France,"parturient montes, nascetur ridiculus mus. Proin vel nisl. Quisque fringilla",8,$87.31
April Aguirre,sed.et@aol.com,Ap #725-4211 Duis St.,Salzburg,Ukraine,"libero at auctor ullamcorper, nisl arcu iaculis enim, sit amet",6,$47.50
Marsden Gallegos,suspendisse@outlook.net,"221-7392 Ante, St.",Morayshire,Pakistan,"blandit. Nam nulla magna, malesuada vel, convallis in, cursus et,",9,$83.61
Lyle Harding,aliquam.tincidunt.nunc@icloud.edu,1946 Dis Street,Zuid Holland,Ireland,"amet luctus vulputate, nisi sem semper erat, in consectetuer ipsum",7,$76.37
Janna Webb,odio.vel@google.edu,Ap #374-9420 Sagittis Rd.,Melilla,New Zealand,"eu metus. In lorem. Donec elementum, lorem ut aliquam iaculis,",0,$87.79
Dale Rowland,eget.massa.suspendisse@icloud.couk,957-7922 Velit Street,Abruzzo,Mexico,Integer tincidunt aliquam arcu. Aliquam ultrices iaculis odio. Nam interdum,5,$48.48
Benedict Stephenson,metus.aenean.sed@icloud.net,"Ap #523-1502 Eu, Av.",Kursk Oblast,Ukraine,"dui. Suspendisse ac metus vitae velit egestas lacinia. Sed congue,",6,$73.21
Shelly Young,lorem.ac.risus@google.ca,Ap #945-8532 Class Street,Luik,Singapore,"est, mollis non, cursus non, egestas a, dui. Cras pellentesque.",6,$30.98
Abdul Maldonado,felis.ullamcorper.viverra@hotmail.net,Ap #353-7989 At Road,Sinaloa,Chile,neque. Nullam nisl. Maecenas malesuada fringilla est. Mauris eu turpis.,6,$78.81
Angela Bray,leo.cras@protonmail.couk,Ap #340-4960 Duis Rd.,Kerala,South Africa,"ullamcorper, nisl arcu iaculis enim, sit amet ornare lectus justo",6,$37.14
Evelyn Myers,congue.in@yahoo.org,106-3398 Ipsum. St.,Gilgit Baltistan,Germany,ultrices iaculis odio. Nam interdum enim non nisi. Aenean eget,8,$93.63
Xavier Blanchard,enim.diam@outlook.com,441-613 Est St.,Volyn oblast,Italy,Morbi quis urna. Nunc quis arcu vel quam dignissim pharetra.,0,$82.54
Ayanna Rosales,augue.id@aol.net,"P.O. Box 296, 9635 Augue Avenue",Oslo,Pakistan,"consectetuer adipiscing elit. Etiam laoreet, libero et tristique pellentesque, tellus",1,$61.98
Eric Willis,convallis.dolor@hotmail.edu,Ap #737-4848 Metus Street,Uttarakhand,Norway,"penatibus et magnis dis parturient montes, nascetur ridiculus mus. Proin",7,$44.17
Basil Guzman,posuere.at@aol.net,"P.O. Box 185, 5498 Lobortis Ave",Tuyên Quang,Canada,"quis, pede. Praesent eu dui. Cum sociis natoque penatibus et",2,$14.78
Quemby Burgess,metus@outlook.org,152-4982 Malesuada Av.,Luik,Pakistan,"viverra. Donec tempus, lorem fringilla ornare placerat, orci lacus vestibulum",7,$2.24
Sara Holmes,nec.ante@google.com,173-8809 Vitae St.,Haute-Normandie,Ireland,id enim. Curabitur massa. Vestibulum accumsan neque et nunc. Quisque,6,$30.78
Allistair Mcdonald,augue.sed.molestie@icloud.ca,994-3519 Porta Av.,Khánh Hòa,Italy,"libero. Integer in magna. Phasellus dolor elit, pellentesque a, facilisis",0,$12.55
Quemby Berry,gravida@yahoo.couk,"P.O. Box 124, 4590 Dictum Road",Sląskie,Ukraine,"eleifend egestas. Sed pharetra, felis eget varius ultrices, mauris ipsum",3,$88.64
Kirk Day,sit.amet@icloud.net,"103-6743 At, Rd.",Guanacaste,Australia,feugiat placerat velit. Quisque varius. Nam porttitor scelerisque neque. Nullam,6,$2.75
Kalia Hood,magna.duis.dignissim@outlook.org,Ap #841-1982 Lacus. Rd.,Mecklenburg-Vorpommern,South Africa,arcu. Sed et libero. Proin mi. Aliquam gravida mauris ut,4,$29.80
Cally Sharpe,id.erat@hotmail.com,171-1479 Nec Street,Rheinland-Pfalz,Costa Rica,"placerat, augue. Sed molestie. Sed id risus quis diam luctus",8,$29.41
Gannon Stanley,vulputate@icloud.com,Ap #136-4656 Enim. Rd.,Jeju,China,a nunc. In at pede. Cras vulputate velit eu sem.,9,$74.68
Ralph Mullins,iaculis.odio.nam@google.com,585-1049 Adipiscing Ave,Alajuela,New Zealand,"felis, adipiscing fringilla, porttitor vulputate, posuere vulputate, lacus. Cras interdum.",2,$62.60
Zelda Santana,diam.proin@icloud.edu,Ap #595-5492 Consectetuer Ave,Tyrol,Ireland,"vitae nibh. Donec est mauris, rhoncus id, mollis nec, cursus",7,$14.58
Arthur Fleming,suscipit@hotmail.net,503-1146 Mauris St.,New Brunswick,Netherlands,Sed id risus quis diam luctus lobortis. Class aptent taciti,5,$34.22
Susan Adams,cum.sociis.natoque@outlook.org,2333 Phasellus Rd.,Zhōngnán,Turkey,"accumsan laoreet ipsum. Curabitur consequat, lectus sit amet luctus vulputate,",8,$30.74
Karyn Carver,at.nisi.cum@yahoo.edu,968-1127 Non Ave,Stockholms län,United Kingdom,"cursus et, eros. Proin ultrices. Duis volutpat nunc sit amet",9,$34.85
Winter Farmer,sodales.elit@hotmail.com,1037 Fusce St.,Zachodniopomorskie,Singapore,"semper erat, in consectetuer ipsum nunc id enim. Curabitur massa.",2,$69.88
Jonah Cardenas,faucibus.morbi@protonmail.ca,Ap #521-8484 Nam Av.,Møre og Romsdal,Chile,"ipsum dolor sit amet, consectetuer adipiscing elit. Curabitur sed tortor.",1,$24.59
Darius Moss,consectetuer.cursus@outlook.net,Ap #697-5061 Nunc Av.,Tasmania,United States,"montes, nascetur ridiculus mus. Proin vel nisl. Quisque fringilla euismod",1,$13.98
Rhea Durham,porttitor.vulputate@protonmail.edu,"P.O. Box 332, 8280 Sapien Rd.",Bắc Giang,South Africa,"arcu imperdiet ullamcorper. Duis at lacus. Quisque purus sapien, gravida",8,$93.47
Dai Petersen,tellus.eu@outlook.org,"Ap #126-2276 Sed, St.",Connecticut,Costa Rica,"ac metus vitae velit egestas lacinia. Sed congue, elit sed",8,$28.60
Walter Sharpe,lectus.ante.dictum@aol.net,Ap #372-9097 Etiam St.,Nizhny Novgorod Oblast,Philippines,Nam ac nulla. In tincidunt congue turpis. In condimentum. Donec,6,$41.57
Eric Mullen,orci.in@aol.net,Ap #946-1465 Ultrices St.,Leinster,Costa Rica,eget odio. Aliquam vulputate ullamcorper magna. Sed eu eros. Nam,7,$24.11
Roth Clemons,aptent.taciti@icloud.org,1807 Faucibus St.,Ulster,Colombia,"urna convallis erat, eget tincidunt dui augue eu tellus. Phasellus",6,$15.13
Tiger Marquez,phasellus.fermentum@hotmail.net,2530 Mauris Rd.,North Island,United Kingdom,"a, malesuada id, erat. Etiam vestibulum massa rutrum magna. Cras",9,$35.42
Lacey White,magna@yahoo.couk,Ap #921-3079 Faucibus St.,Sinaloa,Austria,"auctor vitae, aliquet nec, imperdiet nec, leo. Morbi neque tellus,",9,$80.23
Odette Edwards,praesent.eu@aol.org,148 Eu Ave,Abruzzo,Colombia,neque. Morbi quis urna. Nunc quis arcu vel quam dignissim,3,$36.40
Janna Morgan,risus.nunc@outlook.net,"P.O. Box 149, 201 A, Avenue",Sakhalin Oblast,Ukraine,"vitae, sodales at, velit. Pellentesque ultricies dignissim lacus. Aliquam rutrum",9,$43.84
Henry Beach,orci.sem@yahoo.net,Ap #516-7725 Erat. Road,Aydın,India,feugiat metus sit amet ante. Vivamus non lorem vitae odio,6,$10.83
Bevis Dillard,sagittis.duis@outlook.com,"P.O. Box 629, 5881 Enim. Street",Quebec,Chile,"sapien. Aenean massa. Integer vitae nibh. Donec est mauris, rhoncus",8,$27.57
Nigel Burke,iaculis@outlook.com,"P.O. Box 428, 3606 Nullam St.",Katsina,Peru,"auctor, velit eget laoreet posuere, enim nisl elementum purus, accumsan",1,$90.31
Astra Puckett,pede.cum.sociis@protonmail.com,Ap #655-4478 Quis Street,Pays de la Loire,Ukraine,velit. Quisque varius. Nam porttitor scelerisque neque. Nullam nisl. Maecenas,4,$95.78
Teegan Willis,nunc.quis@hotmail.net,"P.O. Box 774, 6241 Lobortis. St.",Newfoundland and Labrador,Peru,in consequat enim diam vel arcu. Curabitur ut odio vel,1,$7.08
Tad Oneil,mauris.eu@hotmail.ca,"P.O. Box 391, 7683 Pellentesque St.",Xīběi,Chile,"sodales. Mauris blandit enim consequat purus. Maecenas libero est, congue",4,$60.59
Wesley Patrick,orci.lacus@icloud.ca,950-7865 Nullam Av.,Kursk Oblast,Canada,turpis. Nulla aliquet. Proin velit. Sed malesuada augue ut lacus.,9,$60.80
Chava Richard,enim@yahoo.com,769-144 Interdum. St.,Berkshire,Australia,"sit amet luctus vulputate, nisi sem semper erat, in consectetuer",1,$65.55
Mark Paul,gravida@hotmail.com,Ap #963-103 Arcu Rd.,Heredia,Austria,"mi pede, nonummy ut, molestie in, tempus eu, ligula. Aenean",10,$49.96
Ramona Quinn,at@google.com,1463 Eget Av.,Bình Dương,Belgium,lobortis quam a felis ullamcorper viverra. Maecenas iaculis aliquet diam.,9,$72.41
Bruno Barron,lobortis.risus.in@aol.com,755-8433 Dictum Rd.,Azad Kashmir,Turkey,"rhoncus. Nullam velit dui, semper et, lacinia vitae, sodales at,",0,$3.73
Emi Watson,sed.pede.cum@yahoo.couk,Ap #140-4911 Ipsum Avenue,Dōngběi,Vietnam,"ac, feugiat non, lobortis quis, pede. Suspendisse dui. Fusce diam",2,$85.62
Xaviera Anderson,aliquet@outlook.net,Ap #156-2275 Semper. St.,Baja California,Germany,vel arcu eu odio tristique pharetra. Quisque ac libero nec,5,$67.57
Cheyenne Hunt,erat@google.couk,"P.O. Box 247, 1728 Molestie St.",Sachsen,Colombia,vitae mauris sit amet lorem semper auctor. Mauris vel turpis.,5,$84.06
Malik Ward,posuere.at@outlook.ca,8650 Consectetuer St.,Leinster,Ireland,"sociis natoque penatibus et magnis dis parturient montes, nascetur ridiculus",8,$11.90
Tyler Long,tristique@yahoo.couk,Ap #636-7618 Mauris St.,Goa,South Africa,Aenean eget metus. In nec orci. Donec nibh. Quisque nonummy,2,$6.28
Zeus Hinton,magna.a.neque@yahoo.ca,Ap #336-5568 Sed Ave,Lagos,Peru,cubilia Curae Donec tincidunt. Donec vitae erat vel pede blandit,5,$27.66
Nathaniel Hutchinson,vel.mauris@protonmail.org,Ap #715-161 Etiam Street,Lower Austria,South Africa,"tellus. Nunc lectus pede, ultrices a, auctor non, feugiat nec,",6,$98.81
Keith Thompson,elit.erat@icloud.com,4772 Porta St.,Connacht,Costa Rica,"et tristique pellentesque, tellus sem mollis dui, in sodales elit",8,$15.33
Barry Nolan,morbi.sit@outlook.net,"P.O. Box 369, 5999 Sed St.",Baja California,Brazil,et netus et malesuada fames ac turpis egestas. Aliquam fringilla,8,$32.99
Daquan Sharpe,suspendisse@hotmail.ca,"244-6321 Pede, St.",Mykolaiv oblast,South Korea,"Sed auctor odio a purus. Duis elementum, dui quis accumsan",10,$4.97
Penelope Stephens,etiam.imperdiet@yahoo.net,5531 Integer Street,Jönköpings län,South Africa,"quis, pede. Suspendisse dui. Fusce diam nunc, ullamcorper eu, euismod",10,$35.98
Kirk Bennett,enim.diam@hotmail.ca,951-4345 Molestie Rd.,Utah,France,cursus purus. Nullam scelerisque neque sed sem egestas blandit. Nam,7,$44.35
Sacha Mendoza,praesent.interdum.ligula@google.ca,589-9373 Duis Street,North Region,Peru,"Cum sociis natoque penatibus et magnis dis parturient montes, nascetur",6,$96.64
Quin Watson,adipiscing@protonmail.net,6311 Cras Rd.,Wiltshire,Netherlands,sed libero. Proin sed turpis nec mauris blandit mattis. Cras,6,$17.11
Arden Whitaker,elit.curabitur.sed@yahoo.couk,Ap #888-9361 Diam Street,Volyn oblast,Austria,enim. Etiam imperdiet dictum magna. Ut tincidunt orci quis lectus.,2,$69.25
Hanna Lott,vel.nisl@outlook.com,823-9887 Magna. Rd.,Punjab,Spain,"parturient montes, nascetur ridiculus mus. Proin vel arcu eu odio",6,$62.07
Edward Grant,sed.hendrerit.a@hotmail.org,3082 Praesent Street,Arizona,Ireland,"lacinia vitae, sodales at, velit. Pellentesque ultricies dignissim lacus. Aliquam",5,$61.90
Yoko Aguilar,augue.malesuada@icloud.net,Ap #933-3863 Tortor. Road,Ancash,Poland,"mauris. Integer sem elit, pharetra ut, pharetra sed, hendrerit a,",5,$66.19
Rhoda Merritt,sagittis@google.ca,9217 Congue. St.,Munster,Ireland,"tempor lorem, eget mollis lectus pede et risus. Quisque libero",8,$50.63
Buckminster Humphrey,sollicitudin.orci@yahoo.ca,"Ap #140-1070 Nostra, Rd.",West Region,Spain,erat. Etiam vestibulum massa rutrum magna. Cras convallis convallis dolor.,10,$32.71
Alice Clemons,commodo.tincidunt.nibh@icloud.com,"6241 Nec, Av.",Northern Territory,Pakistan,"purus, in molestie tortor nibh sit amet orci. Ut sagittis",4,$21.26
Destiny Woodward,amet.nulla@hotmail.couk,4933 Laoreet Rd.,Brecknockshire,India,aliquam eros turpis non enim. Mauris quis turpis vitae purus,6,$53.07
Octavius Monroe,malesuada@protonmail.edu,262-6547 Arcu. St.,Quebec,Turkey,in felis. Nulla tempor augue ac ipsum. Phasellus vitae mauris,2,$21.65
Phelan Powell,lorem.eget@hotmail.com,310-5723 Nulla Ave,Los Lagos,France,"fermentum vel, mauris. Integer sem elit, pharetra ut, pharetra sed,",8,$46.17
Otto Jennings,ante.vivamus.non@hotmail.com,Ap #313-8078 Sit St.,Chiapas,Russian Federation,"congue a, aliquet vel, vulputate eu, odio. Phasellus at augue",4,$4.66
Abra Tanner,et.ultrices.posuere@icloud.couk,"P.O. Box 287, 7827 Mauris Rd.",Atacama,Russian Federation,quam quis diam. Pellentesque habitant morbi tristique senectus et netus,3,$39.11
Lars Ford,pharetra.quisque@icloud.edu,6643 Libero. Street,North Island,Australia,"at, velit. Cras lorem lorem, luctus ut, pellentesque eget, dictum",6,$96.39
Shoshana Conrad,cras.eu@icloud.org,9617 Fusce Rd.,Illes Balears,United Kingdom,convallis dolor. Quisque tincidunt pede ac urna. Ut tincidunt vehicula,7,$53.93
Nadine Daniel,dolor.dolor@aol.edu,"P.O. Box 390, 6070 Ac Rd.",Bà Rịa–Vũng Tàu,Austria,"posuere vulputate, lacus. Cras interdum. Nunc sollicitudin commodo ipsum. Suspendisse",5,$75.25
James Luna,auctor@aol.ca,413 Eget Av.,łódzkie,Costa Rica,sapien molestie orci tincidunt adipiscing. Mauris molestie pharetra nibh. Aliquam,3,$31.70
Rhea Cochran,nisi@google.org,965-7625 Auctor Road,Møre og Romsdal,France,quam dignissim pharetra. Nam ac nulla. In tincidunt congue turpis.,5,$83.29
Gavin Randolph,feugiat.lorem.ipsum@outlook.couk,"709-273 Elit, Road",Ulster,United Kingdom,"iaculis enim, sit amet ornare lectus justo eu arcu. Morbi",1,$3.92
Keefe Russell,lacus.ut@icloud.edu,Ap #958-9287 Ac Ave,Gävleborgs län,Peru,"lorem fringilla ornare placerat, orci lacus vestibulum lorem, sit amet",10,$0.36
Cathleen Conrad,eu@protonmail.org,Ap #962-2067 Ornare St.,Uttar Pradesh,Germany,"luctus vulputate, nisi sem semper erat, in consectetuer ipsum nunc",6,$61.31
Cathleen Crane,amet.risus@yahoo.couk,"1856 Montes, Rd.",Coahuila,Indonesia,"Aenean egestas hendrerit neque. In ornare sagittis felis. Donec tempor,",9,$0.02
Ria Rutledge,convallis.dolor.quisque@yahoo.edu,Ap #270-9268 Posuere St.,Limón,Sweden,"Cum sociis natoque penatibus et magnis dis parturient montes, nascetur",8,$96.68
Ursa Flowers,aliquam.erat@google.couk,"P.O. Box 993, 7996 Amet, Rd.",Mykolaiv oblast,Spain,interdum. Nunc sollicitudin commodo ipsum. Suspendisse non leo. Vivamus nibh,3,$76.76
Fay Herman,proin.vel.nisl@icloud.org,Ap #917-1630 Pretium Av.,Metropolitana de Santiago,Spain,"vitae, sodales at, velit. Pellentesque ultricies dignissim lacus. Aliquam rutrum",3,$19.12
Caldwell Beck,arcu@yahoo.couk,Ap #352-4299 Placerat Av.,Trentino-Alto Adige,Colombia,enim non nisi. Aenean eget metus. In nec orci. Donec,5,$91.22
Tasha Tillman,elit.pede@protonmail.ca,"P.O. Box 519, 5188 Tincidunt Rd.",Central Region,Australia,"adipiscing fringilla, porttitor vulputate, posuere vulputate, lacus. Cras interdum. Nunc",3,$23.32
Malcolm Becker,enim.mi@hotmail.couk,829-1429 Morbi St.,North-East Region,Vietnam,lobortis quam a felis ullamcorper viverra. Maecenas iaculis aliquet diam.,5,$89.86
Reuben Flynn,vitae.aliquam.eros@aol.ca,"P.O. Box 668, 663 Id Avenue",Ogun,South Africa,"hendrerit neque. In ornare sagittis felis. Donec tempor, est ac",0,$73.21
Xyla Boyle,dignissim.magna@yahoo.org,Ap #954-5095 Nulla St.,Luik,Indonesia,Nam ac nulla. In tincidunt congue turpis. In condimentum. Donec,6,$25.92
Hilel Cochran,phasellus@outlook.com,569-930 Quisque St.,Australian Capital Territory,Mexico,et nunc. Quisque ornare tortor at risus. Nunc ac sem,7,$14.45
Elizabeth Logan,rutrum.magna@yahoo.com,Ap #369-2275 Tristique Road,British Columbia,Mexico,"ullamcorper. Duis cursus, diam at pretium aliquet, metus urna convallis",4,$25.14
Dieter Hebert,integer.id@aol.ca,624-7576 Molestie Avenue,Thái Bình,Indonesia,"aliquet nec, imperdiet nec, leo. Morbi neque tellus, imperdiet non,",6,$77.91
Barry Gray,libero@aol.org,"P.O. Box 372, 921 Luctus, St.",West Region,India,"convallis, ante lectus convallis est, vitae sodales nisi magna sed",4,$22.44
Doris Randall,fringilla.cursus@protonmail.com,Ap #581-5649 Auctor Avenue,Tula Oblast,Ireland,tincidunt congue turpis. In condimentum. Donec at arcu. Vestibulum ante,6,$7.44
Elmo Bruce,sollicitudin@google.couk,8663 Dolor St.,Alajuela,Italy,"tellus sem mollis dui, in sodales elit erat vitae risus.",5,$98.85
Drake Spears,curabitur@outlook.edu,573-2483 Ipsum Ave,Wielkopolskie,Vietnam,malesuada malesuada. Integer id magna et ipsum cursus vestibulum. Mauris,6,$24.11
Evan Sanders,auctor@protonmail.ca,"P.O. Box 264, 9140 Nulla. Rd.",FATA,Ireland,nunc. Quisque ornare tortor at risus. Nunc ac sem ut,9,$83.63
Dean Lynch,tincidunt.pede.ac@protonmail.com,Ap #678-2423 Dui Road,Suffolk,United States,interdum enim non nisi. Aenean eget metus. In nec orci.,9,$20.40
Ulysses Morton,lorem.luctus@protonmail.org,518-8881 Mi Rd.,Leinster,Singapore,"mi felis, adipiscing fringilla, porttitor vulputate, posuere vulputate, lacus. Cras",5,$82.51
Keith Mcleod,et.ultrices@yahoo.net,"P.O. Box 217, 5311 Ullamcorper. Street",Los Ríos,New Zealand,sodales elit erat vitae risus. Duis a mi fringilla mi,9,$39.51
Nash Luna,in.mi.pede@icloud.org,"6135 Sapien, Road",Pará,Chile,ornare egestas ligula. Nullam feugiat placerat velit. Quisque varius. Nam,3,$52.45
Travis Ellis,elit@hotmail.ca,"Ap #327-6581 Nec, Road",Viken,South Korea,"auctor vitae, aliquet nec, imperdiet nec, leo. Morbi neque tellus,",0,$60.83
Ezra Howell,et.commodo@aol.ca,177-8302 Dictum Avenue,Gauteng,India,interdum. Curabitur dictum. Phasellus in felis. Nulla tempor augue ac,6,$54.41
Randall Dickerson,curabitur@protonmail.net,Ap #474-3520 Nam Ave,Ulster,New Zealand,"malesuada vel, venenatis vel, faucibus id, libero. Donec consectetuer mauris",7,$89.34
Demetrius Cherry,tristique.ac.eleifend@outlook.edu,974-1981 Integer Ave,Central Region,Turkey,"ante lectus convallis est, vitae sodales nisi magna sed dui.",5,$71.89
Wing Kidd,ut@protonmail.org,"P.O. Box 825, 6138 Faucibus Rd.",Namen,Australia,"enim. Nunc ut erat. Sed nunc est, mollis non, cursus",9,$1.61
Griffin Kemp,congue.elit@icloud.ca,8778 Mauris St.,Sicilia,Germany,"lacinia. Sed congue, elit sed consequat auctor, nunc nulla vulputate",3,$56.22
Quamar Sellers,mauris.molestie@protonmail.com,"P.O. Box 150, 9483 Lacus. Ave",Bryansk Oblast,Germany,vel pede blandit congue. In scelerisque scelerisque dui. Suspendisse ac,9,$3.02
Teegan Gill,etiam.imperdiet@protonmail.org,460-7165 Blandit Road,Antwerpen,Australia,"diam nunc, ullamcorper eu, euismod ac, fermentum vel, mauris. Integer",10,$3.14
Stephen Nguyen,aliquam.eu@yahoo.net,"322-9283 Non, Rd.",Calabria,Singapore,"massa. Mauris vestibulum, neque sed dictum eleifend, nunc risus varius",5,$93.17
Leslie Green,elit.aliquam.auctor@yahoo.org,"336-5762 Orci, Rd.",North Island,Brazil,"cursus et, eros. Proin ultrices. Duis volutpat nunc sit amet",9,$64.69
Dustin Haynes,aenean.euismod@hotmail.edu,661-2693 Bibendum. Avenue,Calabarzon,Spain,pharetra. Quisque ac libero nec ligula consectetuer rhoncus. Nullam velit,8,$49.77
Edan Miller,volutpat.ornare.facilisis@protonmail.org,1189 Elit. Street,Baden Württemberg,Norway,"natoque penatibus et magnis dis parturient montes, nascetur ridiculus mus.",2,$92.26
Yasir Dunlap,aliquet.magna@yahoo.ca,"P.O. Box 228, 4307 Vel Av.",Devon,Italy,ligula. Aenean euismod mauris eu elit. Nulla facilisi. Sed neque.,3,$90.74
Alice Small,cras.convallis@icloud.org,"P.O. Box 761, 2992 Varius Street",Caithness,Austria,felis. Nulla tempor augue ac ipsum. Phasellus vitae mauris sit,6,$92.78
Aladdin Williams,nec.diam@icloud.edu,Ap #832-984 Ipsum. Ave,Munster,Ukraine,Quisque nonummy ipsum non arcu. Vivamus sit amet risus. Donec,9,$17.61
Keelie Wilder,ac.mattis@outlook.net,5958 Pretium St.,Overijssel,Nigeria,"at lacus. Quisque purus sapien, gravida non, sollicitudin a, malesuada",9,$89.15
Renee Franklin,dolor.tempus@google.couk,578-2472 Dignissim Road,Massachusetts,Philippines,"conubia nostra, per inceptos hymenaeos. Mauris ut quam vel sapien",1,$61.52
Vladimir Delacruz,aliquam.nisl@icloud.org,"P.O. Box 505, 3883 Id Av.",Gelderland,Belgium,blandit congue. In scelerisque scelerisque dui. Suspendisse ac metus vitae,0,$38.88
Beverly Strong,id@yahoo.ca,555-6449 Convallis Ave,Khmelnytskyi oblast,Mexico,"at, velit. Pellentesque ultricies dignissim lacus. Aliquam rutrum lorem ac",7,$31.38
Luke Martinez,elementum.lorem@google.com,Ap #640-8280 Mauris Rd.,Cardiganshire,Peru,"est ac facilisis facilisis, magna tellus faucibus leo, in lobortis",10,$73.86
Iris Burnett,a.enim@yahoo.com,5003 Condimentum. St.,Comunitat Valenciana,Germany,"ipsum sodales purus, in molestie tortor nibh sit amet orci.",4,$19.66
Ishmael Davis,mus.aenean@aol.com,Ap #471-7252 Pellentesque Street,Euskadi,Australia,fringilla est. Mauris eu turpis. Nulla aliquet. Proin velit. Sed,8,$61.62
Cedric Best,ac.tellus.suspendisse@yahoo.ca,Ap #410-3507 Diam. Rd.,Heredia,Costa Rica,ultrices posuere cubilia Curae Donec tincidunt. Donec vitae erat vel,7,$7.43
Kennan Rose,turpis.vitae@yahoo.couk,Ap #376-4613 Vitae Rd.,Swiętokrzyskie,Nigeria,amet ornare lectus justo eu arcu. Morbi sit amet massa.,5,$0.28
Peter Barry,parturient.montes.nascetur@hotmail.ca,"P.O. Box 447, 1295 Molestie. Ave",Opolskie,Russian Federation,"lorem lorem, luctus ut, pellentesque eget, dictum placerat, augue. Sed",4,$68.33
Piper Schwartz,massa.suspendisse@yahoo.net,3958 In Avenue,Henegouwen,Italy,urna suscipit nonummy. Fusce fermentum fermentum arcu. Vestibulum ante ipsum,5,$98.99
Jenna Gallegos,purus@protonmail.edu,951-7284 Orci. St.,North West,Canada,nunc id enim. Curabitur massa. Vestibulum accumsan neque et nunc.,1,$5.73
Ryder Franklin,lorem.vehicula@icloud.org,432-820 Tortor. St.,La Guajira,South Korea,"malesuada augue ut lacus. Nulla tincidunt, neque vitae semper egestas,",8,$3.10
Cheyenne David,elit@outlook.net,813 Sit Avenue,North Jeolla,Colombia,justo. Praesent luctus. Curabitur egestas nunc sed libero. Proin sed,9,$90.90
Adena Fischer,condimentum.eget@google.org,144-9627 Duis St.,South Island,Peru,"mi, ac mattis velit justo nec ante. Maecenas mi felis,",9,$3.67
